Time,Home Value,Equity,HEP Expectation,Investor Valuations,Valuation #1,Valuation #2,Valuation #3,Valuation #4,Valuation #5,Valuation #6,Valuation #7,Valuation #8,Valuation #9,Valuation #10,E.D.B.,Investor Bids,Bid #1,Bid #2,Bid #3,Bid #4,Bid #5,Bid #6,Bid #7,Bid #8,Bid #9,Bid #10,Reserve,Best Bid,Winning Bidder
0.0,157938.19723169933,26829.0592445776,178073.12504640495,,28603.34364531843,39921.53126902674,38736.09541624675,25387.33741290421,21657.80817194711,93049.7786013123,53574.82031997128,19105.57696854793,55325.85470027756,97927.35370475854,0.0562,,0.3497,0.2505,0.2582,0.39390000000000003,0.46180000000000004,0.1075,0.1867,0.5235000000000001,0.18080000000000002,0.1022,0.24450000000000002,0.1074,investor 10
1.0,158239.43683036472,27130.298843242985,178573.64836360334,,28637.007936799884,39932.01538939968,38737.709288340164,25385.31952195499,21663.906500460525,93109.85324667036,53610.23337173665,19104.534488478555,55296.36769549189,97899.51935477398,0.056,,0.3492,0.2505,0.2582,0.394,0.4616,0.1075,0.18660000000000002,0.5235000000000001,0.1809,0.1022,0.24450000000000002,0.1074,investor 10
361.0,162314.74284591392,31205.604858792183,19906.048164116695,,40331.757628130654,43683.446391131925,40014.21324829259,24850.74484164407,23974.375118045024,108200.26969399251,65346.883105824876,18702.24824947524,43273.15512224248,85818.85086845956,2130.0,,4330.0,4690.0,4290.0,2660.0,2570.0,11620.0,7010.0,2000.0,4640.0,0.1022,8940.0,8950.0,investor 6
362.0,162688.66592738027,31579.52794025853,19972.774735379386,,40355.52917859371,43694.35452508967,40018.1725930928,24849.67734394372,23980.666038441883,108242.30309986496,65378.596381955285,18702.471930435735,43235.94360604566,85780.25597394646,2140.0,,4330.0,4690.0,4290.0,2660.0,2570.0,11620.0,7020.0,2000.0,4640.0,0.1022,8940.0,8950.0,investor 6
