Time,Home Value,Equity,HEP Expectation,Investor Valuations,Valuation #1,Valuation #2,Valuation #3,Valuation #4,Valuation #5,Valuation #6,Valuation #7,Valuation #8,Valuation #9,Valuation #10,E.D.B.,Investor Bids,Bid #1,Bid #2,Bid #3,Bid #4,Bid #5,Bid #6,Bid #7,Bid #8,Bid #9,Bid #10,Reserve,Best Bid,Winning Bidder
0.0,198591.87254191382,17973.441314590862,206412.93289158758,,31379.24488015992,9972.59567446915,32267.090565230574,164792.30931896993,68508.13628056519,51809.25967193387,37589.3815649425,14271.582801966799,149261.8651766863,49909.35568635864,0.0485,,0.31870000000000004,1.0028000000000001,0.31,0.060700000000000004,0.14600000000000002,0.19310000000000002,0.2661,0.7007,0.067,0.20040000000000002,0.2293,0.0669,investor 4
1.0,198979.7037029182,18361.272475595237,207042.9653322553,,31371.51305267504,9973.090570015785,32268.9239364082,164846.59335206664,68530.85967616773,51811.95842121914,37608.88652382631,14281.09646653102,149364.05874701528,49914.92207346491,0.0483,,0.31880000000000003,1.0027000000000001,0.3099,0.060700000000000004,0.14600000000000002,0.19310000000000002,0.2659,0.7003,0.067,0.20040000000000002,0.2293,0.0669,investor 4
361.0,227619.47690764922,47001.045680326264,16963.721279950252,,29343.442933149454,9968.075497826081,33000.94624084812,182879.94962031295,76835.40748486105,54481.714679229255,45358.634833360775,17648.409147338272,184408.9688252328,52352.16647798748,1130.0,,1960.0,660.0,2200.0,0.060700000000000004,5140.0,3640.0,3030.0,1180.0,12330.0,3500.0,11620.0,11630.0,investor 9
362.0,227875.88941375742,47257.458186434465,16991.587979351243,,29337.5751522558,9968.053803362387,33003.262808657186,182924.902925388,76859.00858517968,54495.04809350278,45379.14127321861,17657.13307688917,184497.5011836752,52362.23078182825,1130.0,,1960.0,660.0,2200.0,0.060700000000000004,5140.0,3640.0,3030.0,1180.0,12340.0,3500.0,11620.0,11630.0,investor 9
