Time,Home Value,Equity,HEP Expectation,Investor Valuations,Valuation #1,Valuation #2,Valuation #3,Valuation #4,Valuation #5,Valuation #6,Valuation #7,Valuation #8,Valuation #9,Valuation #10,E.D.B.,Investor Bids,Bid #1,Bid #2,Bid #3,Bid #4,Bid #5,Bid #6,Bid #7,Bid #8,Bid #9,Bid #10,Reserve,Best Bid,Winning Bidder
0.0,218639.0590302823,74889.89590566407,258579.62517940157,,64656.94517599422,15127.489082718104,79691.97725941728,31222.245300515162,41358.3563562547,92240.57725864736,77371.77369276882,20556.348021126953,27548.381299494165,37573.4179194307,0.038700000000000005,,0.1547,0.6611,0.1255,0.32030000000000003,0.24180000000000001,0.1085,0.1293,0.48650000000000004,0.36300000000000004,0.2662,0.1272,0.1254,investor 6
1.0,219001.2580643462,75252.09493972798,259161.19353707298,,64723.59093923716,15138.09479617279,79759.18255329221,31226.122030022754,41394.27121755486,92276.89626504973,77401.86323806422,20568.28734901525,27554.259910730587,37595.03964907928,0.0386,,0.15460000000000002,0.6606000000000001,0.1254,0.32030000000000003,0.2416,0.10840000000000001,0.1292,0.4862,0.36300000000000004,0.266,0.1272,0.1254,investor 6
361.0,223674.49568143729,79925.33255681905,33439.76872890937,,81929.47370971458,19361.803546065297,101152.60317296899,32791.049370781155,54000.34771591289,106210.92849759436,89467.56476261353,24513.500845942664,28218.98349377053,44750.33709618685,4190.0,,10270.0,2420.0,12680.0,4110.0,6770.0,0.10840000000000001,11210.0,3070.0,3530.0,5610.0,12380.0,12390.0,investor 3
362.0,223640.27728550223,79891.114160884,33432.87886466182,,81979.13447904184,19372.940781774847,101210.68286108656,32795.22547768621,54038.373714180976,106247.97814105396,89501.14374562878,24523.73149881343,28221.140358257326,44772.353829880485,4190.0,,10280.0,2420.0,12690.0,4110.0,6770.0,0.10840000000000001,11220.0,3070.0,3530.0,5610.0,12380.0,12390.0,investor 3
