Time,Home Value,Equity,HEP Expectation,Investor Valuations,Valuation #1,Valuation #2,Valuation #3,Valuation #4,Valuation #5,Valuation #6,Valuation #7,Valuation #8,Valuation #9,Valuation #10,E.D.B.,Investor Bids,Bid #1,Bid #2,Bid #3,Bid #4,Bid #5,Bid #6,Bid #7,Bid #8,Bid #9,Bid #10,Reserve,Best Bid,Winning Bidder
0.0,317373.3738074227,-18636.27389026503,279771.6930566174,,12312.866417907164,80250.17089595074,21354.500590550844,23384.87417635807,51976.9233973309,52641.75510510057,73553.77131818552,12033.706497718153,50207.82795361345,15594.756918209938,0.0358,,0.8122,0.1247,0.46830000000000005,0.4277,0.19240000000000002,0.19,0.136,0.8310000000000001,0.19920000000000002,0.6413,0.2622,0.13590000000000002,investor 2
1.0,316864.3485198107,-19145.299177877023,278976.2674855802,,12322.88122746206,80271.5228432594,21374.52964539549,23412.205747731015,52000.82199501183,52647.36769418809,73603.53503269865,12043.519949278525,50225.40515515144,15603.83657738103,0.0359,,0.8115,0.1246,0.46790000000000004,0.4272,0.19240000000000002,0.19,0.1359,0.8304,0.19920000000000002,0.6409,0.2622,0.1358,investor 2
2.0,318196.7869106197,-17812.860787068028,281058.3950216273,,12333.388016590332,80293.97959820108,21395.120911956,23438.989981619114,52027.239709058,52652.20661450914,73656.07997150166,12053.361528730546,50233.77923362821,15612.423583838172,0.0356,,0.8109000000000001,0.1246,0.46740000000000004,0.4267,0.1923,0.19,0.1358,0.8297,0.1991,0.6406000000000001,0.2622,0.1358,investor 2
362.0,318889.1394346354,-17120.508263052325,38314.65218215099,,15947.991640005794,88780.90833524338,28580.519132470257,33168.35718622811,62255.1492911636,54460.05828096901,93373.68672581714,15788.896940336741,56123.04477922364,18527.274520012903,5200.0,,2160.0,0.1246,3880.0,4500.0,8450.0,7390.0,12680.0,2140.0,7620.0,2510.0,11810.0,11820.0,investor 7
363.0,318652.64676412195,-17357.00093356578,38264.46675259229,,15958.258388235517,88803.54040856133,28599.820984847993,33195.48716785944,62292.24309852164,54465.76397092884,93428.12610701518,15799.006118818696,56147.571624720054,18534.69748098689,5190.0,,2160.0,0.1246,3880.0,4500.0,8450.0,7390.0,12680.0,2140.0,7620.0,2510.0,11810.0,11820.0,investor 7
