Time,Home Value,Equity,HEP Expectation,Investor Valuations,Valuation #1,Valuation #2,Valuation #3,Valuation #4,Valuation #5,Valuation #6,Valuation #7,Valuation #8,Valuation #9,Valuation #10,E.D.B.,Investor Bids,Bid #1,Bid #2,Bid #3,Bid #4,Bid #5,Bid #6,Bid #7,Bid #8,Bid #9,Bid #10,Reserve,Best Bid,Winning Bidder
0.0,228319.1482464647,172102.09658325926,341194.75084682374,,68050.79654770099,38219.988389347294,39787.71336354434,19288.949504022883,129618.02262283936,63953.88431978663,63689.06527849675,144019.7975023506,42739.039428271615,79586.98727487696,0.029400000000000003,,0.14700000000000002,0.2617,0.2514,0.5185000000000001,0.0772,0.1564,0.15710000000000002,0.0695,0.234,0.1257,0.07400000000000001,0.07390000000000001,investor 8
1.0,229364.1957368116,173147.14407360618,342921.9861686215,,68076.4402878434,38252.8883043026,39827.45795928234,19293.738171131015,129684.68839096845,63948.157221528214,63724.55229100316,143979.23634511663,42719.973934492366,79632.19192301761,0.0292,,0.1469,0.2615,0.2511,0.5184,0.0772,0.1564,0.157,0.0695,0.2341,0.12560000000000002,0.07400000000000001,0.07390000000000001,investor 8
361.0,230823.3761582722,174606.32449506677,25520.159898078935,,77656.61023550906,51525.97391393716,53855.08515527448,21018.896054100558,153808.86181007442,62740.98560906802,76886.6409624984,152367.3503299286,35178.159660962,94984.70842781232,1880.0,,5730.0,3800.0,3970.0,1550.0,11360.0,4630.0,5680.0,0.0695,2590.0,7010.0,11230.0,11240.0,investor 5
362.0,230657.16977639458,174440.11811318915,25499.859356791894,,77681.89156828412,51567.044361696644,53895.545241637825,21023.01349817066,153872.44991128083,62741.825956684814,76920.47914178036,152433.19608083664,35159.08164150451,95025.14183069998,1880.0,,5740.0,3810.0,3980.0,1550.0,11370.0,4630.0,5680.0,0.0695,2590.0,7020.0,11230.0,11240.0,investor 5
