Time,Home Value,Equity,HEP Expectation,Investor Valuations,Valuation #1,Valuation #2,Valuation #3,Valuation #4,Valuation #5,Valuation #6,Valuation #7,Valuation #8,Valuation #9,Valuation #10,E.D.B.,Investor Bids,Bid #1,Bid #2,Bid #3,Bid #4,Bid #5,Bid #6,Bid #7,Bid #8,Bid #9,Bid #10,Reserve,Best Bid,Winning Bidder
0.0,220329.795156158,-4844.200495529833,213939.49209011704,,53113.691635514464,7274.316628286756,86903.16401529418,39492.62129284526,92838.33470596398,120738.6403572681,104655.75693120755,39765.862890027405,18126.101812077035,43507.557807721896,0.0468,,0.1883,1.3747,0.11510000000000001,0.2533,0.1078,0.0829,0.0956,0.2515,0.5517000000000001,0.22990000000000002,0.3215,0.0955,investor 6
1.0,220139.296659729,-5034.698991958838,213629.26793014762,,53103.54622466082,7281.291611248537,86943.44650495419,39503.76941839832,92852.92853053677,120766.93993991235,104780.98457573113,39785.48574670331,18119.733729871554,43510.15694700115,0.046900000000000004,,0.1884,1.3734000000000002,0.11510000000000001,0.25320000000000004,0.1077,0.0829,0.0955,0.2514,0.5519000000000001,0.22990000000000002,0.3215,0.0955,investor 6
361.0,265922.1366534257,40748.14100173785,27521.761857043828,,51101.24416990103,9768.62174910022,104642.77158031937,44144.863515350204,99020.44554999827,130323.19061660237,146178.29804604343,48232.93367193939,15288.07452411676,44533.93694706378,2620.0,,4880.0,930.0,9990.0,4210.0,9450.0,0.0829,13960.0,4600.0,1460.0,4250.0,13040.0,13050.0,investor 7
362.0,265676.5695266049,40502.573874917056,27483.571152920522,,51101.591742250435,9775.799221940557,104696.06814898974,44157.25771313572,99036.0379915655,130351.3626324114,146280.4504657991,48257.49100176431,15279.522470192183,44533.28790684688,2620.0,,4880.0,930.0,9990.0,4210.0,9450.0,0.0829,13960.0,4600.0,1450.0,4250.0,13040.0,13050.0,investor 7
