Time,Home Value,HEP Expectation,Investor Valuations,Valuation #1,Valuation #2,Valuation #3,Valuation #4,Valuation #5,Valuation #6,Valuation #7,Valuation #8,Valuation #9,Valuation #10,E.D.B.,Investor Bids,Bid #1,Bid #2,Bid #3,Bid #4,Bid #5,Bid #6,Bid #7,Bid #8,Bid #9,Bid #10,Reserve,Best Bid,Winning Bidder
0.0,271073.9892560521,586359.4661586089,,122721.452080553,18368.693730034047,466554.75445699063,3018.082467082626,69438.58836835077,3859.8499599308943,12901.283508495597,21422.504366765974,15215.830631718336,2585.5849386222967,0.018000000000000002,,0.082,0.545,0.022,3.314,0.145,2.591,0.776,0.467,0.658,3.868,0.091,0.081,investor 3
1.0,271090.5593247525,586403.1381338722,,122769.0669821714,18370.31544522784,466636.73659818596,3019.866364150462,69498.92130114954,3861.9667159358814,12916.934739981727,21426.251442962264,15220.324475387608,2586.5285609556727,0.018000000000000002,,0.082,0.545,0.022,3.3120000000000003,0.14400000000000002,2.59,0.775,0.467,0.658,3.867,0.091,0.081,investor 3
361.0,271090.5593247525,586403.1381338722,,122769.0669821714,18370.31544522784,466636.73659818596,3019.866364150462,69498.92130114954,3861.9667159358814,12916.934739981727,21426.251442962264,15220.324475387608,2586.5285609556727,0.018000000000000002,,0.082,0.545,0.022,3.3120000000000003,0.14400000000000002,2.59,0.775,0.467,0.658,3.867,0.091,0.081,investor 3
721.0,271090.5593247525,586403.1381338722,,122769.0669821714,18370.31544522784,466636.73659818596,3019.866364150462,69498.92130114954,3861.9667159358814,12916.934739981727,21426.251442962264,15220.324475387608,2586.5285609556727,0.018000000000000002,,0.082,0.545,0.022,3.3120000000000003,0.14400000000000002,2.59,0.775,0.467,0.658,3.867,0.091,0.081,investor 3
1081.0,271090.5593247525,586403.1381338722,,122769.0669821714,18370.31544522784,466636.73659818596,3019.866364150462,69498.92130114954,3861.9667159358814,12916.934739981727,21426.251442962264,15220.324475387608,2586.5285609556727,0.018000000000000002,,0.082,0.545,0.022,3.3120000000000003,0.14400000000000002,2.59,0.775,0.467,0.658,3.867,0.091,0.081,investor 3
1441.0000000000002,271090.5593247525,586403.1381338722,,122769.0669821714,18370.31544522784,466636.73659818596,3019.866364150462,69498.92130114954,3861.9667159358814,12916.934739981727,21426.251442962264,15220.324475387608,2586.5285609556727,0.018000000000000002,,0.082,0.545,0.022,3.3120000000000003,0.14400000000000002,2.59,0.775,0.467,0.658,3.867,0.091,0.081,investor 3
