Time,Home Value,HEP Expectation,Investor Valuations,Valuation #1,Valuation #2,Valuation #3,Valuation #4,Valuation #5,Valuation #6,Valuation #7,Valuation #8,Valuation #9,Valuation #10,E.D.B.,Investor Bids,Bid #1,Bid #2,Bid #3,Bid #4,Bid #5,Bid #6,Bid #7,Bid #8,Bid #9,Bid #10,Reserve,Best Bid,Winning Bidder
0.0,398148.6356521808,853895.0827995883,,449194.14940850897,1754547.8196923991,6276.97927691658,209966.7514614802,51947.49341860993,9929.90706808875,29222.266477186226,14103.03413344516,218638.29246017718,24499.895820166334,0.012,,0.023,0.006,1.594,0.048,0.193,1.008,0.343,0.71,0.046,0.40900000000000003,0.05,0.022,investor 2
1.0,397977.6280930794,853463.0603627281,,449539.19863914174,1755229.5913470841,6278.1010145818855,209963.2253482144,51922.88129962391,9933.316318527986,29235.3436141944,14113.304125994164,219013.88072768995,24482.243662084613,0.012,,0.023,0.006,1.593,0.048,0.193,1.0070000000000001,0.343,0.709,0.046,0.40900000000000003,0.05,0.022,investor 2
361.0,397977.6280930794,853463.0603627281,,449539.19863914174,1755229.5913470841,6278.1010145818855,209963.2253482144,51922.88129962391,9933.316318527986,29235.3436141944,14113.304125994164,219013.88072768995,24482.243662084613,0.012,,0.023,0.006,1.593,0.048,0.193,1.0070000000000001,0.343,0.709,0.046,0.40900000000000003,0.05,0.022,investor 2
721.0,397977.6280930794,853463.0603627281,,449539.19863914174,1755229.5913470841,6278.1010145818855,209963.2253482144,51922.88129962391,9933.316318527986,29235.3436141944,14113.304125994164,219013.88072768995,24482.243662084613,0.012,,0.023,0.006,1.593,0.048,0.193,1.0070000000000001,0.343,0.709,0.046,0.40900000000000003,0.05,0.022,investor 2
1081.0,397977.6280930794,853463.0603627281,,449539.19863914174,1755229.5913470841,6278.1010145818855,209963.2253482144,51922.88129962391,9933.316318527986,29235.3436141944,14113.304125994164,219013.88072768995,24482.243662084613,0.012,,0.023,0.006,1.593,0.048,0.193,1.0070000000000001,0.343,0.709,0.046,0.40900000000000003,0.05,0.022,investor 2
1441.0000000000002,397977.6280930794,853463.0603627281,,449539.19863914174,1755229.5913470841,6278.1010145818855,209963.2253482144,51922.88129962391,9933.316318527986,29235.3436141944,14113.304125994164,219013.88072768995,24482.243662084613,0.012,,0.023,0.006,1.593,0.048,0.193,1.0070000000000001,0.343,0.709,0.046,0.40900000000000003,0.05,0.022,investor 2
