Time,Home Value,HEP Expectation,Investor Valuations,Valuation #1,Valuation #2,Valuation #3,Valuation #4,Valuation #5,Valuation #6,Valuation #7,Valuation #8,Valuation #9,Valuation #10,E.D.B.,Investor Bids,Bid #1,Bid #2,Bid #3,Bid #4,Bid #5,Bid #6,Bid #7,Bid #8,Bid #9,Bid #10,Reserve,Best Bid,Winning Bidder
0.0,376219.22840439825,859043.9114833908,,74155.29764396792,146387.73646754937,95951.27610388308,2365280.59499687,4469.702005750123,19063.12851566438,119514.43767108384,107960.5825831477,163399.5291691499,1566842.0400806982,0.012,,0.135,0.069,0.105,0.005,2.238,0.525,0.084,0.093,0.062,0.007,0.042,0.006,investor 4
1.0,377042.5342751903,861122.9639834039,,74193.29685111613,146440.24582391424,95935.31620670458,2366133.847319376,4473.444601343094,19071.987206255617,119554.51792212443,108000.85826494331,163380.13991720797,1567255.4061387216,0.012,,0.135,0.069,0.105,0.005,2.236,0.525,0.084,0.093,0.062,0.007,0.042,0.006,investor 4
361.0,377042.5342751903,861122.9639834039,,74193.29685111613,146440.24582391424,95935.31620670458,2366133.847319376,4473.444601343094,19071.987206255617,119554.51792212443,108000.85826494331,163380.13991720797,1567255.4061387216,0.012,,0.135,0.069,0.105,0.005,2.236,0.525,0.084,0.093,0.062,0.007,0.042,0.006,investor 4
721.0,377042.5342751903,861122.9639834039,,74193.29685111613,146440.24582391424,95935.31620670458,2366133.847319376,4473.444601343094,19071.987206255617,119554.51792212443,108000.85826494331,163380.13991720797,1567255.4061387216,0.012,,0.135,0.069,0.105,0.005,2.236,0.525,0.084,0.093,0.062,0.007,0.042,0.006,investor 4
1081.0,377042.5342751903,861122.9639834039,,74193.29685111613,146440.24582391424,95935.31620670458,2366133.847319376,4473.444601343094,19071.987206255617,119554.51792212443,108000.85826494331,163380.13991720797,1567255.4061387216,0.012,,0.135,0.069,0.105,0.005,2.236,0.525,0.084,0.093,0.062,0.007,0.042,0.006,investor 4
1441.0000000000002,377042.5342751903,861122.9639834039,,74193.29685111613,146440.24582391424,95935.31620670458,2366133.847319376,4473.444601343094,19071.987206255617,119554.51792212443,108000.85826494331,163380.13991720797,1567255.4061387216,0.012,,0.135,0.069,0.105,0.005,2.236,0.525,0.084,0.093,0.062,0.007,0.042,0.006,investor 4
