Time,Home Value,HEP Expectation,Investor Valuations,Valuation #1,Valuation #2,Valuation #3,Valuation #4,Valuation #5,Valuation #6,Valuation #7,Valuation #8,Valuation #9,Valuation #10,E.D.B.,Investor Bids,Bid #1,Bid #2,Bid #3,Bid #4,Bid #5,Bid #6,Bid #7,Bid #8,Bid #9,Bid #10,Reserve,Best Bid,Winning Bidder
0.0,265133.53694039426,538965.3434249378,,1093708.2558513228,9028.070098033046,727689.5666458453,474308.63395118015,49771.656912192455,849443.7725081898,22724.11416666611,3889.2099764033505,443657.33511081955,352950.74757192156,0.019,,0.01,1.108,0.014,0.022,0.201,0.012,0.441,2.572,0.023,0.029,0.061,0.011,investor 1
1.0,264791.60105635156,538198.2543364376,,1093631.9309988027,9025.566679361053,727765.5015620135,474448.70562659914,49763.15776150895,849866.9854003559,22730.55727254971,3889.6517024605637,443699.9158118164,353266.18111521105,0.019,,0.01,1.108,0.014,0.022,0.201,0.012,0.44,2.571,0.023,0.029,0.061,0.011,investor 1
361.0,264791.60105635156,538198.2543364376,,1093631.9309988027,9025.566679361053,727765.5015620135,474448.70562659914,49763.15776150895,849866.9854003559,22730.55727254971,3889.6517024605637,443699.9158118164,353266.18111521105,0.019,,0.01,1.108,0.014,0.022,0.201,0.012,0.44,2.571,0.023,0.029,0.061,0.011,investor 1
721.0,264791.60105635156,538198.2543364376,,1093631.9309988027,9025.566679361053,727765.5015620135,474448.70562659914,49763.15776150895,849866.9854003559,22730.55727254971,3889.6517024605637,443699.9158118164,353266.18111521105,0.019,,0.01,1.108,0.014,0.022,0.201,0.012,0.44,2.571,0.023,0.029,0.061,0.011,investor 1
1081.0,264791.60105635156,538198.2543364376,,1093631.9309988027,9025.566679361053,727765.5015620135,474448.70562659914,49763.15776150895,849866.9854003559,22730.55727254971,3889.6517024605637,443699.9158118164,353266.18111521105,0.019,,0.01,1.108,0.014,0.022,0.201,0.012,0.44,2.571,0.023,0.029,0.061,0.011,investor 1
1441.0000000000002,264791.60105635156,538198.2543364376,,1093631.9309988027,9025.566679361053,727765.5015620135,474448.70562659914,49763.15776150895,849866.9854003559,22730.55727254971,3889.6517024605637,443699.9158118164,353266.18111521105,0.019,,0.01,1.108,0.014,0.022,0.201,0.012,0.44,2.571,0.023,0.029,0.061,0.011,investor 1
