Time,Home Value,HEP Expectation,Investor Valuations,Valuation #1,Valuation #2,Valuation #3,Valuation #4,Valuation #5,Valuation #6,Valuation #7,Valuation #8,Valuation #9,Valuation #10,E.D.B.,Investor Bids,Bid #1,Bid #2,Bid #3,Bid #4,Bid #5,Bid #6,Bid #7,Bid #8,Bid #9,Bid #10,Reserve,Best Bid,Winning Bidder
0.0,241963.65630610537,542564.0800246416,,12917.460949258973,178072.15551895023,51163.83448577766,8095.912429880714,128455.23251908502,340991.7124693505,38136.75955651915,4674.864660741556,43134.78976692202,109356.86235963323,0.019,,0.775,0.057,0.196,1.236,0.078,0.03,0.263,2.14,0.232,0.092,0.202,0.056,investor 6
1.0,242262.2169142372,543420.8586856155,,12925.794248413727,178111.78105359044,51202.483577832965,8104.825051332769,128540.3168208957,341170.1138458022,38148.181259840596,4678.349942583046,43173.497986406524,109434.10115138753,0.019,,0.774,0.057,0.196,1.234,0.078,0.03,0.263,2.138,0.232,0.092,0.202,0.056,investor 6
361.0,242262.2169142372,543420.8586856155,,12925.794248413727,178111.78105359044,51202.483577832965,8104.825051332769,128540.3168208957,341170.1138458022,38148.181259840596,4678.349942583046,43173.497986406524,109434.10115138753,0.019,,0.774,0.057,0.196,1.234,0.078,0.03,0.263,2.138,0.232,0.092,0.202,0.056,investor 6
721.0,242262.2169142372,543420.8586856155,,12925.794248413727,178111.78105359044,51202.483577832965,8104.825051332769,128540.3168208957,341170.1138458022,38148.181259840596,4678.349942583046,43173.497986406524,109434.10115138753,0.019,,0.774,0.057,0.196,1.234,0.078,0.03,0.263,2.138,0.232,0.092,0.202,0.056,investor 6
1081.0,242262.2169142372,543420.8586856155,,12925.794248413727,178111.78105359044,51202.483577832965,8104.825051332769,128540.3168208957,341170.1138458022,38148.181259840596,4678.349942583046,43173.497986406524,109434.10115138753,0.019,,0.774,0.057,0.196,1.234,0.078,0.03,0.263,2.138,0.232,0.092,0.202,0.056,investor 6
1441.0000000000002,242262.2169142372,543420.8586856155,,12925.794248413727,178111.78105359044,51202.483577832965,8104.825051332769,128540.3168208957,341170.1138458022,38148.181259840596,4678.349942583046,43173.497986406524,109434.10115138753,0.019,,0.774,0.057,0.196,1.234,0.078,0.03,0.263,2.138,0.232,0.092,0.202,0.056,investor 6
