Time,Home Value,HEP Expectation,Investor Valuations,Valuation #1,Valuation #2,Valuation #3,Valuation #4,Valuation #5,Valuation #6,Valuation #7,Valuation #8,Valuation #9,Valuation #10,E.D.B.,Investor Bids,Bid #1,Bid #2,Bid #3,Bid #4,Bid #5,Bid #6,Bid #7,Bid #8,Bid #9,Bid #10,Reserve,Best Bid,Winning Bidder
0.0,290270.9933887689,463942.2358590133,,15945.94024456691,44996.811697076126,368428.7813942017,46782.61963336947,23245.243872357,9837.712656635445,526024.4248028148,76593.03433003258,158.85708602739746,8093.745559259676,0.022,,0.628,0.223,0.028,0.214,0.431,1.0170000000000001,0.02,0.131,62.95,1.236,0.168,0.027,investor 7
1.0,289947.537963157,463220.0024586214,,15958.421368636938,44985.76403414245,368476.203596242,46780.91762942327,23234.894129548335,9827.83136050578,526410.5541557375,76605.6758926055,158.91858553521652,8092.24411098493,0.022,,0.627,0.223,0.028,0.214,0.431,1.018,0.019,0.131,62.926,1.236,0.168,0.027,investor 7
361.0,289947.537963157,463220.0024586214,,15958.421368636938,44985.76403414245,368476.203596242,46780.91762942327,23234.894129548335,9827.83136050578,526410.5541557375,76605.6758926055,158.91858553521652,8092.24411098493,0.022,,0.627,0.223,0.028,0.214,0.431,1.018,0.019,0.131,62.926,1.236,0.168,0.027,investor 7
721.0,289947.537963157,463220.0024586214,,15958.421368636938,44985.76403414245,368476.203596242,46780.91762942327,23234.894129548335,9827.83136050578,526410.5541557375,76605.6758926055,158.91858553521652,8092.24411098493,0.022,,0.627,0.223,0.028,0.214,0.431,1.018,0.019,0.131,62.926,1.236,0.168,0.027,investor 7
1081.0,289947.537963157,463220.0024586214,,15958.421368636938,44985.76403414245,368476.203596242,46780.91762942327,23234.894129548335,9827.83136050578,526410.5541557375,76605.6758926055,158.91858553521652,8092.24411098493,0.022,,0.627,0.223,0.028,0.214,0.431,1.018,0.019,0.131,62.926,1.236,0.168,0.027,investor 7
1441.0000000000002,289947.537963157,463220.0024586214,,15958.421368636938,44985.76403414245,368476.203596242,46780.91762942327,23234.894129548335,9827.83136050578,526410.5541557375,76605.6758926055,158.91858553521652,8092.24411098493,0.022,,0.627,0.223,0.028,0.214,0.431,1.018,0.019,0.131,62.926,1.236,0.168,0.027,investor 7
