Time,Home Value,HEP Expectation,Investor Valuations,Valuation #1,Valuation #2,Valuation #3,Valuation #4,Valuation #5,Valuation #6,Valuation #7,Valuation #8,Valuation #9,Valuation #10,E.D.B.,Investor Bids,Bid #1,Bid #2,Bid #3,Bid #4,Bid #5,Bid #6,Bid #7,Bid #8,Bid #9,Bid #10,Reserve,Best Bid,Winning Bidder
0.0,234077.5186849921,536858.9949920027,,28930.633855251766,93866.68400511786,22252.894016753093,3366.091968808835,1367.0754396072225,41818.56876245196,26215.816580242346,30944.768768095826,246661.75992815985,128291.99677867511,0.019,,0.34600000000000003,0.107,0.45,2.971,7.315,0.24,0.382,0.324,0.041,0.078,0.08700000000000001,0.077,investor 9
1.0,234177.31973845602,537124.2466491824,,28935.33637058727,93919.00681345654,22266.444739010127,3370.171846635614,1367.1649846484574,41838.92757536739,26216.75044544856,30959.40684869988,246660.2166766962,128374.42690922298,0.019,,0.34600000000000003,0.107,0.45,2.968,7.315,0.24,0.382,0.324,0.041,0.078,0.08700000000000001,0.077,investor 9
361.0,234177.31973845602,537124.2466491824,,28935.33637058727,93919.00681345654,22266.444739010127,3370.171846635614,1367.1649846484574,41838.92757536739,26216.75044544856,30959.40684869988,246660.2166766962,128374.42690922298,0.019,,0.34600000000000003,0.107,0.45,2.968,7.315,0.24,0.382,0.324,0.041,0.078,0.08700000000000001,0.077,investor 9
721.0,234177.31973845602,537124.2466491824,,28935.33637058727,93919.00681345654,22266.444739010127,3370.171846635614,1367.1649846484574,41838.92757536739,26216.75044544856,30959.40684869988,246660.2166766962,128374.42690922298,0.019,,0.34600000000000003,0.107,0.45,2.968,7.315,0.24,0.382,0.324,0.041,0.078,0.08700000000000001,0.077,investor 9
1081.0,234177.31973845602,537124.2466491824,,28935.33637058727,93919.00681345654,22266.444739010127,3370.171846635614,1367.1649846484574,41838.92757536739,26216.75044544856,30959.40684869988,246660.2166766962,128374.42690922298,0.019,,0.34600000000000003,0.107,0.45,2.968,7.315,0.24,0.382,0.324,0.041,0.078,0.08700000000000001,0.077,investor 9
1441.0000000000002,234177.31973845602,537124.2466491824,,28935.33637058727,93919.00681345654,22266.444739010127,3370.171846635614,1367.1649846484574,41838.92757536739,26216.75044544856,30959.40684869988,246660.2166766962,128374.42690922298,0.019,,0.34600000000000003,0.107,0.45,2.968,7.315,0.24,0.382,0.324,0.041,0.078,0.08700000000000001,0.077,investor 9
