Time,Home Value,HEP Expectation,Investor Valuations,Valuation #1,Valuation #2,Valuation #3,Valuation #4,Valuation #5,Valuation #6,Valuation #7,Valuation #8,Valuation #9,Valuation #10,E.D.B.,Investor Bids,Bid #1,Bid #2,Bid #3,Bid #4,Bid #5,Bid #6,Bid #7,Bid #8,Bid #9,Bid #10,Reserve,Best Bid,Winning Bidder
0.0,183907.17352577072,318387.28363590135,,3804.328216824196,54440.12625445044,435516.27200115763,58383.13470463467,106043.1910980306,1014244.2244780684,64275.74329227249,492819.06894285505,48353.16034121062,821566.6114140751,0.032,,2.629,0.184,0.023,0.17200000000000001,0.095,0.01,0.156,0.021,0.20700000000000002,0.013000000000000001,0.136,0.012,investor 6
1.0,184014.86449262584,318620.61188203434,,3805.906289941532,54460.51151734631,435389.36947712174,58398.73868403059,106082.95238445111,1014949.7303047546,64319.69613049061,492857.32927787537,48394.495404068984,821958.5643907771,0.032,,2.628,0.184,0.023,0.17200000000000001,0.095,0.01,0.156,0.021,0.20700000000000002,0.013000000000000001,0.136,0.012,investor 6
361.0,184014.86449262584,318620.61188203434,,3805.906289941532,54460.51151734631,435389.36947712174,58398.73868403059,106082.95238445111,1014949.7303047546,64319.69613049061,492857.32927787537,48394.495404068984,821958.5643907771,0.032,,2.628,0.184,0.023,0.17200000000000001,0.095,0.01,0.156,0.021,0.20700000000000002,0.013000000000000001,0.136,0.012,investor 6
721.0,184014.86449262584,318620.61188203434,,3805.906289941532,54460.51151734631,435389.36947712174,58398.73868403059,106082.95238445111,1014949.7303047546,64319.69613049061,492857.32927787537,48394.495404068984,821958.5643907771,0.032,,2.628,0.184,0.023,0.17200000000000001,0.095,0.01,0.156,0.021,0.20700000000000002,0.013000000000000001,0.136,0.012,investor 6
1081.0,184014.86449262584,318620.61188203434,,3805.906289941532,54460.51151734631,435389.36947712174,58398.73868403059,106082.95238445111,1014949.7303047546,64319.69613049061,492857.32927787537,48394.495404068984,821958.5643907771,0.032,,2.628,0.184,0.023,0.17200000000000001,0.095,0.01,0.156,0.021,0.20700000000000002,0.013000000000000001,0.136,0.012,investor 6
1441.0000000000002,184014.86449262584,318620.61188203434,,3805.906289941532,54460.51151734631,435389.36947712174,58398.73868403059,106082.95238445111,1014949.7303047546,64319.69613049061,492857.32927787537,48394.495404068984,821958.5643907771,0.032,,2.628,0.184,0.023,0.17200000000000001,0.095,0.01,0.156,0.021,0.20700000000000002,0.013000000000000001,0.136,0.012,investor 6
