Time,Home Value,HEP Expectation,Investor Valuations,Valuation #1,Valuation #2,Valuation #3,Valuation #4,Valuation #5,Valuation #6,Valuation #7,Valuation #8,Valuation #9,Valuation #10,E.D.B.,Investor Bids,Bid #1,Bid #2,Bid #3,Bid #4,Bid #5,Bid #6,Bid #7,Bid #8,Bid #9,Bid #10,Reserve,Best Bid,Winning Bidder
0.0,192143.74865655327,379485.6112809182,,15022.708186494363,14408.800686549544,3924.4244099720568,726872.4074686548,58566.71780645681,112721.2631816393,10316.681534437646,53312.57617887357,95537.45775072172,41522.30637673726,0.027,,0.666,0.6950000000000001,2.549,0.014,0.171,0.089,0.97,0.188,0.105,0.241,0.196,0.088,investor 4
1.0,192055.5604413489,379257.7249290272,,15045.438786258532,14415.319436053105,3922.588346087649,727325.2461766975,58573.15207040937,112910.28893272694,10319.950205966421,53301.65538106794,95572.97167952028,41551.13252870774,0.027,,0.665,0.6940000000000001,2.5500000000000003,0.014,0.171,0.089,0.969,0.188,0.105,0.241,0.196,0.088,investor 4
361.0,192055.5604413489,379257.7249290272,,15045.438786258532,14415.319436053105,3922.588346087649,727325.2461766975,58573.15207040937,112910.28893272694,10319.950205966421,53301.65538106794,95572.97167952028,41551.13252870774,0.027,,0.665,0.6940000000000001,2.5500000000000003,0.014,0.171,0.089,0.969,0.188,0.105,0.241,0.196,0.088,investor 4
721.0,192055.5604413489,379257.7249290272,,15045.438786258532,14415.319436053105,3922.588346087649,727325.2461766975,58573.15207040937,112910.28893272694,10319.950205966421,53301.65538106794,95572.97167952028,41551.13252870774,0.027,,0.665,0.6940000000000001,2.5500000000000003,0.014,0.171,0.089,0.969,0.188,0.105,0.241,0.196,0.088,investor 4
1081.0,192055.5604413489,379257.7249290272,,15045.438786258532,14415.319436053105,3922.588346087649,727325.2461766975,58573.15207040937,112910.28893272694,10319.950205966421,53301.65538106794,95572.97167952028,41551.13252870774,0.027,,0.665,0.6940000000000001,2.5500000000000003,0.014,0.171,0.089,0.969,0.188,0.105,0.241,0.196,0.088,investor 4
1441.0000000000002,192055.5604413489,379257.7249290272,,15045.438786258532,14415.319436053105,3922.588346087649,727325.2461766975,58573.15207040937,112910.28893272694,10319.950205966421,53301.65538106794,95572.97167952028,41551.13252870774,0.027,,0.665,0.6940000000000001,2.5500000000000003,0.014,0.171,0.089,0.969,0.188,0.105,0.241,0.196,0.088,investor 4
