Time,Home Value,HEP Expectation,Investor Valuations,Valuation #1,Valuation #2,Valuation #3,Valuation #4,Valuation #5,Valuation #6,Valuation #7,Valuation #8,Valuation #9,Valuation #10,E.D.B.,Investor Bids,Bid #1,Bid #2,Bid #3,Bid #4,Bid #5,Bid #6,Bid #7,Bid #8,Bid #9,Bid #10,Reserve,Best Bid,Winning Bidder
0.0,212558.40073739632,371194.0703762486,,787618.9955119919,9581.87545181073,79311.76262318321,14221.972089883393,19170.529110995794,8388.956284964606,906331.1346740621,9323.52169326315,270435.5456000496,352837.4812742099,0.027,,0.013000000000000001,1.044,0.127,0.704,0.522,1.193,0.012,1.073,0.037,0.029,0.084,0.012,investor 7
1.0,212559.58007552824,371196.4888724742,,787851.9099505016,9591.442135205658,79352.94447151243,14229.108744474412,19195.65815781679,8395.942434071845,906401.7704961204,9331.149144002646,270663.8800678317,352863.29417888063,0.027,,0.013000000000000001,1.043,0.127,0.7030000000000001,0.521,1.192,0.012,1.072,0.037,0.029,0.084,0.012,investor 7
361.0,212559.58007552824,371196.4888724742,,787851.9099505016,9591.442135205658,79352.94447151243,14229.108744474412,19195.65815781679,8395.942434071845,906401.7704961204,9331.149144002646,270663.8800678317,352863.29417888063,0.027,,0.013000000000000001,1.043,0.127,0.7030000000000001,0.521,1.192,0.012,1.072,0.037,0.029,0.084,0.012,investor 7
721.0,212559.58007552824,371196.4888724742,,787851.9099505016,9591.442135205658,79352.94447151243,14229.108744474412,19195.65815781679,8395.942434071845,906401.7704961204,9331.149144002646,270663.8800678317,352863.29417888063,0.027,,0.013000000000000001,1.043,0.127,0.7030000000000001,0.521,1.192,0.012,1.072,0.037,0.029,0.084,0.012,investor 7
1081.0,212559.58007552824,371196.4888724742,,787851.9099505016,9591.442135205658,79352.94447151243,14229.108744474412,19195.65815781679,8395.942434071845,906401.7704961204,9331.149144002646,270663.8800678317,352863.29417888063,0.027,,0.013000000000000001,1.043,0.127,0.7030000000000001,0.521,1.192,0.012,1.072,0.037,0.029,0.084,0.012,investor 7
1441.0000000000002,212559.58007552824,371196.4888724742,,787851.9099505016,9591.442135205658,79352.94447151243,14229.108744474412,19195.65815781679,8395.942434071845,906401.7704961204,9331.149144002646,270663.8800678317,352863.29417888063,0.027,,0.013000000000000001,1.043,0.127,0.7030000000000001,0.521,1.192,0.012,1.072,0.037,0.029,0.084,0.012,investor 7
