Time,Home Value,HEP Expectation,Investor Valuations,Valuation #1,Valuation #2,Valuation #3,Valuation #4,Valuation #5,Valuation #6,Valuation #7,Valuation #8,Valuation #9,Valuation #10,E.D.B.,Investor Bids,Bid #1,Bid #2,Bid #3,Bid #4,Bid #5,Bid #6,Bid #7,Bid #8,Bid #9,Bid #10,Reserve,Best Bid,Winning Bidder
0.0,298822.4289596059,702527.1293498632,,5321.050310594246,2252809.747691639,644258.8192157517,6173.204484227867,26740.6644957796,112110.28185559309,79883.10859858827,46811.495668867254,16148.096217115395,586524.9717979763,0.015,,1.8800000000000001,0.005,0.016,1.62,0.374,0.09,0.126,0.214,0.62,0.018000000000000002,0.049,0.015,investor 2
1.0,298409.38239318493,701480.3343323501,,5323.06545824415,2252898.5854370752,644494.0741932159,6173.335603231961,26745.989071751916,112271.65510725146,79885.99572370126,46843.260409234455,16147.946464599332,586985.4753401598,0.015,,1.879,0.005,0.016,1.62,0.374,0.09,0.126,0.214,0.62,0.018000000000000002,0.049,0.015,investor 2
361.0,298409.38239318493,701480.3343323501,,5323.06545824415,2252898.5854370752,644494.0741932159,6173.335603231961,26745.989071751916,112271.65510725146,79885.99572370126,46843.260409234455,16147.946464599332,586985.4753401598,0.015,,1.879,0.005,0.016,1.62,0.374,0.09,0.126,0.214,0.62,0.018000000000000002,0.049,0.015,investor 2
721.0,298409.38239318493,701480.3343323501,,5323.06545824415,2252898.5854370752,644494.0741932159,6173.335603231961,26745.989071751916,112271.65510725146,79885.99572370126,46843.260409234455,16147.946464599332,586985.4753401598,0.015,,1.879,0.005,0.016,1.62,0.374,0.09,0.126,0.214,0.62,0.018000000000000002,0.049,0.015,investor 2
1081.0,298409.38239318493,701480.3343323501,,5323.06545824415,2252898.5854370752,644494.0741932159,6173.335603231961,26745.989071751916,112271.65510725146,79885.99572370126,46843.260409234455,16147.946464599332,586985.4753401598,0.015,,1.879,0.005,0.016,1.62,0.374,0.09,0.126,0.214,0.62,0.018000000000000002,0.049,0.015,investor 2
1441.0000000000002,298409.38239318493,701480.3343323501,,5323.06545824415,2252898.5854370752,644494.0741932159,6173.335603231961,26745.989071751916,112271.65510725146,79885.99572370126,46843.260409234455,16147.946464599332,586985.4753401598,0.015,,1.879,0.005,0.016,1.62,0.374,0.09,0.126,0.214,0.62,0.018000000000000002,0.049,0.015,investor 2
