Time,Home Value,HEP Expectation,Investor Valuations,Valuation #1,Valuation #2,Valuation #3,Valuation #4,Valuation #5,Valuation #6,Valuation #7,Valuation #8,Valuation #9,Valuation #10,E.D.B.,Investor Bids,Bid #1,Bid #2,Bid #3,Bid #4,Bid #5,Bid #6,Bid #7,Bid #8,Bid #9,Bid #10,Reserve,Best Bid,Winning Bidder
0.0,314717.5830209154,745817.0620654449,,408919.69568527467,65570.03908879019,50627.50380914015,135015.2144965197,50116.636204907336,241743.07321587624,147438.23413252743,23422.791213780045,3450.223983738949,8233.34908378001,0.014,,0.025,0.153,0.198,0.075,0.2,0.042,0.068,0.427,2.899,1.215,0.083,0.041,investor 1
1.0,313999.16696737084,743783.53632768,,408751.68416917097,65610.92358099991,50657.85561718769,134956.4650537918,50135.519529967605,241926.54914389094,147476.88190299337,23432.410588655523,3451.117231253469,8239.924773754974,0.014,,0.025,0.153,0.198,0.075,0.2,0.042,0.068,0.427,2.898,1.214,0.083,0.041,investor 1
361.0,313999.16696737084,743783.53632768,,408751.68416917097,65610.92358099991,50657.85561718769,134956.4650537918,50135.519529967605,241926.54914389094,147476.88190299337,23432.410588655523,3451.117231253469,8239.924773754974,0.014,,0.025,0.153,0.198,0.075,0.2,0.042,0.068,0.427,2.898,1.214,0.083,0.041,investor 1
721.0,313999.16696737084,743783.53632768,,408751.68416917097,65610.92358099991,50657.85561718769,134956.4650537918,50135.519529967605,241926.54914389094,147476.88190299337,23432.410588655523,3451.117231253469,8239.924773754974,0.014,,0.025,0.153,0.198,0.075,0.2,0.042,0.068,0.427,2.898,1.214,0.083,0.041,investor 1
1081.0,313999.16696737084,743783.53632768,,408751.68416917097,65610.92358099991,50657.85561718769,134956.4650537918,50135.519529967605,241926.54914389094,147476.88190299337,23432.410588655523,3451.117231253469,8239.924773754974,0.014,,0.025,0.153,0.198,0.075,0.2,0.042,0.068,0.427,2.898,1.214,0.083,0.041,investor 1
1441.0000000000002,313999.16696737084,743783.53632768,,408751.68416917097,65610.92358099991,50657.85561718769,134956.4650537918,50135.519529967605,241926.54914389094,147476.88190299337,23432.410588655523,3451.117231253469,8239.924773754974,0.014,,0.025,0.153,0.198,0.075,0.2,0.042,0.068,0.427,2.898,1.214,0.083,0.041,investor 1
