Time,Home Value,HEP Expectation,Investor Valuations,Valuation #1,Valuation #2,Valuation #3,Valuation #4,Valuation #5,Valuation #6,Valuation #7,Valuation #8,Valuation #9,Valuation #10,E.D.B.,Investor Bids,Bid #1,Bid #2,Bid #3,Bid #4,Bid #5,Bid #6,Bid #7,Bid #8,Bid #9,Bid #10,Reserve,Best Bid,Winning Bidder
0.0,390959.25621515623,914841.0234553406,,2002.0926103221195,7616.939905020977,18026.297463128652,466536.47223350225,54497.89356314504,165004.97627033133,227.03538865385423,26595.94950531698,92072.63525613301,756830.3954192667,0.011,,4.995,1.313,0.555,0.022,0.184,0.061,44.046,0.376,0.109,0.014,0.047,0.020999999999999998,investor 10
1.0,391425.62940019043,916084.759035783,,2004.5537180089195,7622.315423544292,18030.794207034432,466862.73021317227,54575.824213420994,165047.12088399683,227.06408797148896,26593.679455803114,92157.71993952636,757608.4656227758,0.011,,4.989,1.312,0.555,0.022,0.184,0.061,44.041000000000004,0.377,0.109,0.014,0.047,0.020999999999999998,investor 10
361.0,391425.62940019043,916084.759035783,,2004.5537180089195,7622.315423544292,18030.794207034432,466862.73021317227,54575.824213420994,165047.12088399683,227.06408797148896,26593.679455803114,92157.71993952636,757608.4656227758,0.011,,4.989,1.312,0.555,0.022,0.184,0.061,44.041000000000004,0.377,0.109,0.014,0.047,0.020999999999999998,investor 10
721.0,391425.62940019043,916084.759035783,,2004.5537180089195,7622.315423544292,18030.794207034432,466862.73021317227,54575.824213420994,165047.12088399683,227.06408797148896,26593.679455803114,92157.71993952636,757608.4656227758,0.011,,4.989,1.312,0.555,0.022,0.184,0.061,44.041000000000004,0.377,0.109,0.014,0.047,0.020999999999999998,investor 10
1081.0,391425.62940019043,916084.759035783,,2004.5537180089195,7622.315423544292,18030.794207034432,466862.73021317227,54575.824213420994,165047.12088399683,227.06408797148896,26593.679455803114,92157.71993952636,757608.4656227758,0.011,,4.989,1.312,0.555,0.022,0.184,0.061,44.041000000000004,0.377,0.109,0.014,0.047,0.020999999999999998,investor 10
1441.0000000000002,391425.62940019043,916084.759035783,,2004.5537180089195,7622.315423544292,18030.794207034432,466862.73021317227,54575.824213420994,165047.12088399683,227.06408797148896,26593.679455803114,92157.71993952636,757608.4656227758,0.011,,4.989,1.312,0.555,0.022,0.184,0.061,44.041000000000004,0.377,0.109,0.014,0.047,0.020999999999999998,investor 10
