Time,Home Value,HEP Expectation,Investor Valuations,Valuation #1,Valuation #2,Valuation #3,Valuation #4,Valuation #5,Valuation #6,Valuation #7,Valuation #8,Valuation #9,Valuation #10,E.D.B.,Investor Bids,Bid #1,Bid #2,Bid #3,Bid #4,Bid #5,Bid #6,Bid #7,Bid #8,Bid #9,Bid #10,Reserve,Best Bid,Winning Bidder
0.0,203119.89490033928,449412.6231081362,,24484.692855856043,13928.793839667282,2644.7652315282908,88587.73862130538,276080.4480934082,245968.17381802652,270283.0647622025,9470.827658213524,70970.45883660355,8199.446722038767,0.023,,0.40900000000000003,0.718,3.782,0.113,0.037,0.041,0.037,1.056,0.14100000000000001,1.22,0.136,0.037,investor 5
1.0,202580.44878885185,447955.47863719234,,24506.32911850918,13932.524069663772,2644.5424154817065,88596.0160784669,276348.888690092,246199.4442192198,270422.92813442147,9472.465846124034,71026.29654085705,8207.938979774302,0.023,,0.40900000000000003,0.718,3.782,0.113,0.037,0.041,0.037,1.056,0.14100000000000001,1.219,0.136,0.037,investor 5
361.0,202580.44878885185,447955.47863719234,,24506.32911850918,13932.524069663772,2644.5424154817065,88596.0160784669,276348.888690092,246199.4442192198,270422.92813442147,9472.465846124034,71026.29654085705,8207.938979774302,0.023,,0.40900000000000003,0.718,3.782,0.113,0.037,0.041,0.037,1.056,0.14100000000000001,1.219,0.136,0.037,investor 5
721.0,202580.44878885185,447955.47863719234,,24506.32911850918,13932.524069663772,2644.5424154817065,88596.0160784669,276348.888690092,246199.4442192198,270422.92813442147,9472.465846124034,71026.29654085705,8207.938979774302,0.023,,0.40900000000000003,0.718,3.782,0.113,0.037,0.041,0.037,1.056,0.14100000000000001,1.219,0.136,0.037,investor 5
1081.0,202580.44878885185,447955.47863719234,,24506.32911850918,13932.524069663772,2644.5424154817065,88596.0160784669,276348.888690092,246199.4442192198,270422.92813442147,9472.465846124034,71026.29654085705,8207.938979774302,0.023,,0.40900000000000003,0.718,3.782,0.113,0.037,0.041,0.037,1.056,0.14100000000000001,1.219,0.136,0.037,investor 5
1441.0000000000002,202580.44878885185,447955.47863719234,,24506.32911850918,13932.524069663772,2644.5424154817065,88596.0160784669,276348.888690092,246199.4442192198,270422.92813442147,9472.465846124034,71026.29654085705,8207.938979774302,0.023,,0.40900000000000003,0.718,3.782,0.113,0.037,0.041,0.037,1.056,0.14100000000000001,1.219,0.136,0.037,investor 5
