Time,Home Value,HEP Expectation,Investor Valuations,Valuation #1,Valuation #2,Valuation #3,Valuation #4,Valuation #5,Valuation #6,Valuation #7,Valuation #8,Valuation #9,Valuation #10,E.D.B.,Investor Bids,Bid #1,Bid #2,Bid #3,Bid #4,Bid #5,Bid #6,Bid #7,Bid #8,Bid #9,Bid #10,Reserve,Best Bid,Winning Bidder
0.0,321465.5963516616,604474.7305450725,,1402311.5642504953,198181.2885080963,47671.36040897498,4601.1705985263625,134789.9553405544,1360.856774013408,1504543.73275236,43516.15554759336,5943.254229475522,360205.1730472599,0.017,,0.008,0.051000000000000004,0.21,2.174,0.075,7.349,0.007,0.23,1.683,0.028,0.149,0.007,investor 7
1.0,322579.5303246775,607292.6208384589,,1403245.364340862,198240.8921097679,47713.52411328169,4604.658605131385,134796.3960132667,1360.622899956609,1505396.9004571533,43564.467246821856,5943.783182123861,360462.67067883455,0.017,,0.008,0.051000000000000004,0.21,2.172,0.075,7.3500000000000005,0.007,0.23,1.683,0.028,0.149,0.007,investor 7
361.0,322579.5303246775,607292.6208384589,,1403245.364340862,198240.8921097679,47713.52411328169,4604.658605131385,134796.3960132667,1360.622899956609,1505396.9004571533,43564.467246821856,5943.783182123861,360462.67067883455,0.017,,0.008,0.051000000000000004,0.21,2.172,0.075,7.3500000000000005,0.007,0.23,1.683,0.028,0.149,0.007,investor 7
721.0,322579.5303246775,607292.6208384589,,1403245.364340862,198240.8921097679,47713.52411328169,4604.658605131385,134796.3960132667,1360.622899956609,1505396.9004571533,43564.467246821856,5943.783182123861,360462.67067883455,0.017,,0.008,0.051000000000000004,0.21,2.172,0.075,7.3500000000000005,0.007,0.23,1.683,0.028,0.149,0.007,investor 7
1081.0,322579.5303246775,607292.6208384589,,1403245.364340862,198240.8921097679,47713.52411328169,4604.658605131385,134796.3960132667,1360.622899956609,1505396.9004571533,43564.467246821856,5943.783182123861,360462.67067883455,0.017,,0.008,0.051000000000000004,0.21,2.172,0.075,7.3500000000000005,0.007,0.23,1.683,0.028,0.149,0.007,investor 7
1441.0000000000002,322579.5303246775,607292.6208384589,,1403245.364340862,198240.8921097679,47713.52411328169,4604.658605131385,134796.3960132667,1360.622899956609,1505396.9004571533,43564.467246821856,5943.783182123861,360462.67067883455,0.017,,0.008,0.051000000000000004,0.21,2.172,0.075,7.3500000000000005,0.007,0.23,1.683,0.028,0.149,0.007,investor 7
