Time,Home Value,HEP Expectation,Investor Valuations,Valuation #1,Valuation #2,Valuation #3,Valuation #4,Valuation #5,Valuation #6,Valuation #7,Valuation #8,Valuation #9,Valuation #10,E.D.B.,Investor Bids,Bid #1,Bid #2,Bid #3,Bid #4,Bid #5,Bid #6,Bid #7,Bid #8,Bid #9,Bid #10,Reserve,Best Bid,Winning Bidder
0.0,385025.6538566927,695733.7848527487,,115024.08776353339,31627.2278663362,50471.50079509561,8913.87852919607,17174.5037042375,18604.86486844592,58391.440068238495,159349.6066706556,333274.7329884082,2817892.5524133625,0.015,,0.08700000000000001,0.317,0.199,1.122,0.583,0.538,0.17200000000000001,0.063,0.031,0.004,0.11900000000000001,0.03,investor 10
1.0,386632.8442348747,699666.5997611524,,115003.21419919607,31638.401591177906,50525.414497644975,8919.362352780905,17181.878333341796,18612.49015710067,58468.47142983271,159436.309264748,333384.47517354914,2818181.83310399,0.015,,0.08700000000000001,0.317,0.198,1.122,0.583,0.538,0.17200000000000001,0.063,0.03,0.004,0.11900000000000001,0.03,investor 10
361.0,386632.8442348747,699666.5997611524,,115003.21419919607,31638.401591177906,50525.414497644975,8919.362352780905,17181.878333341796,18612.49015710067,58468.47142983271,159436.309264748,333384.47517354914,2818181.83310399,0.015,,0.08700000000000001,0.317,0.198,1.122,0.583,0.538,0.17200000000000001,0.063,0.03,0.004,0.11900000000000001,0.03,investor 10
721.0,386632.8442348747,699666.5997611524,,115003.21419919607,31638.401591177906,50525.414497644975,8919.362352780905,17181.878333341796,18612.49015710067,58468.47142983271,159436.309264748,333384.47517354914,2818181.83310399,0.015,,0.08700000000000001,0.317,0.198,1.122,0.583,0.538,0.17200000000000001,0.063,0.03,0.004,0.11900000000000001,0.03,investor 10
1081.0,386632.8442348747,699666.5997611524,,115003.21419919607,31638.401591177906,50525.414497644975,8919.362352780905,17181.878333341796,18612.49015710067,58468.47142983271,159436.309264748,333384.47517354914,2818181.83310399,0.015,,0.08700000000000001,0.317,0.198,1.122,0.583,0.538,0.17200000000000001,0.063,0.03,0.004,0.11900000000000001,0.03,investor 10
1441.0000000000002,386632.8442348747,699666.5997611524,,115003.21419919607,31638.401591177906,50525.414497644975,8919.362352780905,17181.878333341796,18612.49015710067,58468.47142983271,159436.309264748,333384.47517354914,2818181.83310399,0.015,,0.08700000000000001,0.317,0.198,1.122,0.583,0.538,0.17200000000000001,0.063,0.03,0.004,0.11900000000000001,0.03,investor 10
