Time,Home Value,HEP Expectation,Investor Valuations,Valuation #1,Valuation #2,Valuation #3,Valuation #4,Valuation #5,Valuation #6,Valuation #7,Valuation #8,Valuation #9,Valuation #10,E.D.B.,Investor Bids,Bid #1,Bid #2,Bid #3,Bid #4,Bid #5,Bid #6,Bid #7,Bid #8,Bid #9,Bid #10,Reserve,Best Bid,Winning Bidder
0.0,249386.63504625036,594473.710744393,,486.10279692998,5007.020814582443,21948.374524555602,457596.73281867616,38760.35947699208,10450.620126194199,861557.2461539572,323118.76832176733,66366.55300381279,223066.29692605053,0.017,,20.572,1.998,0.456,0.022,0.258,0.9570000000000001,0.012,0.031,0.151,0.045,0.075,0.020999999999999998,investor 7
1.0,249969.747233931,596033.0445916693,,486.3282122766463,5010.124203442323,21969.928902324293,457552.4639815347,38746.324971953494,10453.048477060705,862077.8047857287,323209.7698198204,66383.57130222443,223231.2661352865,0.017,,20.563,1.996,0.456,0.022,0.259,0.9570000000000001,0.012,0.031,0.151,0.045,0.075,0.020999999999999998,investor 7
361.0,249969.747233931,596033.0445916693,,486.3282122766463,5010.124203442323,21969.928902324293,457552.4639815347,38746.324971953494,10453.048477060705,862077.8047857287,323209.7698198204,66383.57130222443,223231.2661352865,0.017,,20.563,1.996,0.456,0.022,0.259,0.9570000000000001,0.012,0.031,0.151,0.045,0.075,0.020999999999999998,investor 7
721.0,249969.747233931,596033.0445916693,,486.3282122766463,5010.124203442323,21969.928902324293,457552.4639815347,38746.324971953494,10453.048477060705,862077.8047857287,323209.7698198204,66383.57130222443,223231.2661352865,0.017,,20.563,1.996,0.456,0.022,0.259,0.9570000000000001,0.012,0.031,0.151,0.045,0.075,0.020999999999999998,investor 7
1081.0,249969.747233931,596033.0445916693,,486.3282122766463,5010.124203442323,21969.928902324293,457552.4639815347,38746.324971953494,10453.048477060705,862077.8047857287,323209.7698198204,66383.57130222443,223231.2661352865,0.017,,20.563,1.996,0.456,0.022,0.259,0.9570000000000001,0.012,0.031,0.151,0.045,0.075,0.020999999999999998,investor 7
1441.0000000000002,249969.747233931,596033.0445916693,,486.3282122766463,5010.124203442323,21969.928902324293,457552.4639815347,38746.324971953494,10453.048477060705,862077.8047857287,323209.7698198204,66383.57130222443,223231.2661352865,0.017,,20.563,1.996,0.456,0.022,0.259,0.9570000000000001,0.012,0.031,0.151,0.045,0.075,0.020999999999999998,investor 7
