Time,Home Value,HEP Expectation,Investor Valuations,Valuation #1,Valuation #2,Valuation #3,Valuation #4,Valuation #5,Valuation #6,Valuation #7,Valuation #8,Valuation #9,Valuation #10,E.D.B.,Investor Bids,Bid #1,Bid #2,Bid #3,Bid #4,Bid #5,Bid #6,Bid #7,Bid #8,Bid #9,Bid #10,Reserve,Best Bid,Winning Bidder
0.0,113441.6078572662,262708.8864290501,,166952.34127364267,51145.71055301858,8791.822708362215,46369.04582124973,49130.49850646327,25043.25069355517,466900.7267198778,168344.66182368548,207498.74760790716,258505.47924514854,0.039,,0.06,0.196,1.1380000000000001,0.216,0.20400000000000001,0.4,0.022,0.06,0.049,0.039,0.136,0.038,investor 7
1.0,113461.97669122017,262761.4697378496,,166905.72447780822,51181.291443097696,8787.961687135068,46392.27037916146,49132.11380036308,25056.787223293344,467181.9393481787,168436.43133092197,207637.2257984886,258751.7182295576,0.039,,0.06,0.196,1.1380000000000001,0.216,0.20400000000000001,0.4,0.022,0.06,0.049,0.039,0.136,0.038,investor 7
361.0,113461.97669122017,262761.4697378496,,166905.72447780822,51181.291443097696,8787.961687135068,46392.27037916146,49132.11380036308,25056.787223293344,467181.9393481787,168436.43133092197,207637.2257984886,258751.7182295576,0.039,,0.06,0.196,1.1380000000000001,0.216,0.20400000000000001,0.4,0.022,0.06,0.049,0.039,0.136,0.038,investor 7
721.0,113461.97669122017,262761.4697378496,,166905.72447780822,51181.291443097696,8787.961687135068,46392.27037916146,49132.11380036308,25056.787223293344,467181.9393481787,168436.43133092197,207637.2257984886,258751.7182295576,0.039,,0.06,0.196,1.1380000000000001,0.216,0.20400000000000001,0.4,0.022,0.06,0.049,0.039,0.136,0.038,investor 7
1081.0,113461.97669122017,262761.4697378496,,166905.72447780822,51181.291443097696,8787.961687135068,46392.27037916146,49132.11380036308,25056.787223293344,467181.9393481787,168436.43133092197,207637.2257984886,258751.7182295576,0.039,,0.06,0.196,1.1380000000000001,0.216,0.20400000000000001,0.4,0.022,0.06,0.049,0.039,0.136,0.038,investor 7
1441.0000000000002,113461.97669122017,262761.4697378496,,166905.72447780822,51181.291443097696,8787.961687135068,46392.27037916146,49132.11380036308,25056.787223293344,467181.9393481787,168436.43133092197,207637.2257984886,258751.7182295576,0.039,,0.06,0.196,1.1380000000000001,0.216,0.20400000000000001,0.4,0.022,0.06,0.049,0.039,0.136,0.038,investor 7
