Time,Home Value,HEP Expectation,Investor Valuations,Valuation #1,Valuation #2,Valuation #3,Valuation #4,Valuation #5,Valuation #6,Valuation #7,Valuation #8,Valuation #9,Valuation #10,E.D.B.,Investor Bids,Bid #1,Bid #2,Bid #3,Bid #4,Bid #5,Bid #6,Bid #7,Bid #8,Bid #9,Bid #10,Reserve,Best Bid,Winning Bidder
0.0,829627.4118738419,1798619.1536279514,,1024886.8230819771,1730330.4082259515,11604.548129083088,99337.0076798233,242447.29398207192,1136643.7874073305,8626.931397698801,4827.488248345813,1119120.9450907796,189755.95490013005,0.006,,0.01,0.006,0.862,0.101,0.042,0.009000000000000001,1.16,2.072,0.009000000000000001,0.053,0.038,0.008,investor 2
1.0,827515.5731504527,1792933.5353994847,,1025857.3550089571,1730188.9378165402,11613.924681011371,99436.19392687426,242653.48769310064,1137253.855063399,8629.88771790215,4832.756831285112,1120040.203819298,189834.63863453228,0.006,,0.01,0.006,0.862,0.101,0.042,0.009000000000000001,1.159,2.07,0.009000000000000001,0.053,0.038,0.008,investor 2
361.0,827515.5731504527,1792933.5353994847,,1025857.3550089571,1730188.9378165402,11613.924681011371,99436.19392687426,242653.48769310064,1137253.855063399,8629.88771790215,4832.756831285112,1120040.203819298,189834.63863453228,0.006,,0.01,0.006,0.862,0.101,0.042,0.009000000000000001,1.159,2.07,0.009000000000000001,0.053,0.038,0.008,investor 2
721.0,827515.5731504527,1792933.5353994847,,1025857.3550089571,1730188.9378165402,11613.924681011371,99436.19392687426,242653.48769310064,1137253.855063399,8629.88771790215,4832.756831285112,1120040.203819298,189834.63863453228,0.006,,0.01,0.006,0.862,0.101,0.042,0.009000000000000001,1.159,2.07,0.009000000000000001,0.053,0.038,0.008,investor 2
1081.0,827515.5731504527,1792933.5353994847,,1025857.3550089571,1730188.9378165402,11613.924681011371,99436.19392687426,242653.48769310064,1137253.855063399,8629.88771790215,4832.756831285112,1120040.203819298,189834.63863453228,0.006,,0.01,0.006,0.862,0.101,0.042,0.009000000000000001,1.159,2.07,0.009000000000000001,0.053,0.038,0.008,investor 2
1441.0000000000002,827515.5731504527,1792933.5353994847,,1025857.3550089571,1730188.9378165402,11613.924681011371,99436.19392687426,242653.48769310064,1137253.855063399,8629.88771790215,4832.756831285112,1120040.203819298,189834.63863453228,0.006,,0.01,0.006,0.862,0.101,0.042,0.009000000000000001,1.159,2.07,0.009000000000000001,0.053,0.038,0.008,investor 2
