Time,Home Value,HEP Expectation,Investor Valuations,Valuation #1,Valuation #2,Valuation #3,Valuation #4,Valuation #5,Valuation #6,Valuation #7,Valuation #8,Valuation #9,Valuation #10,E.D.B.,Investor Bids,Bid #1,Bid #2,Bid #3,Bid #4,Bid #5,Bid #6,Bid #7,Bid #8,Bid #9,Bid #10,Reserve,Best Bid,Winning Bidder
0.0,322600.8744954708,572610.9868529917,,38817.590331807034,1627574.907678707,643787.3375349425,84426.4399574023,70132.16981199957,62358.81677645366,12358.61188907788,81992.83532189454,347844.3265640722,864194.018579083,0.018000000000000002,,0.258,0.007,0.016,0.11900000000000001,0.14300000000000002,0.161,0.81,0.122,0.029,0.012,0.08,0.011,investor 2
1.0,321781.7137035644,570756.2735794008,,38850.230802260725,1627871.792225503,644121.6798151543,84442.5691075977,70155.19663869006,62367.80062316417,12364.626679012455,82015.68212471469,348109.99441080407,864291.9360347058,0.018000000000000002,,0.258,0.007,0.016,0.11900000000000001,0.14300000000000002,0.161,0.809,0.122,0.029,0.012,0.08,0.011,investor 2
361.0,321781.7137035644,570756.2735794008,,38850.230802260725,1627871.792225503,644121.6798151543,84442.5691075977,70155.19663869006,62367.80062316417,12364.626679012455,82015.68212471469,348109.99441080407,864291.9360347058,0.018000000000000002,,0.258,0.007,0.016,0.11900000000000001,0.14300000000000002,0.161,0.809,0.122,0.029,0.012,0.08,0.011,investor 2
721.0,321781.7137035644,570756.2735794008,,38850.230802260725,1627871.792225503,644121.6798151543,84442.5691075977,70155.19663869006,62367.80062316417,12364.626679012455,82015.68212471469,348109.99441080407,864291.9360347058,0.018000000000000002,,0.258,0.007,0.016,0.11900000000000001,0.14300000000000002,0.161,0.809,0.122,0.029,0.012,0.08,0.011,investor 2
1081.0,321781.7137035644,570756.2735794008,,38850.230802260725,1627871.792225503,644121.6798151543,84442.5691075977,70155.19663869006,62367.80062316417,12364.626679012455,82015.68212471469,348109.99441080407,864291.9360347058,0.018000000000000002,,0.258,0.007,0.016,0.11900000000000001,0.14300000000000002,0.161,0.809,0.122,0.029,0.012,0.08,0.011,investor 2
1441.0000000000002,321781.7137035644,570756.2735794008,,38850.230802260725,1627871.792225503,644121.6798151543,84442.5691075977,70155.19663869006,62367.80062316417,12364.626679012455,82015.68212471469,348109.99441080407,864291.9360347058,0.018000000000000002,,0.258,0.007,0.016,0.11900000000000001,0.14300000000000002,0.161,0.809,0.122,0.029,0.012,0.08,0.011,investor 2
