Time,Home Value,HEP Expectation,Investor Valuations,Valuation #1,Valuation #2,Valuation #3,Valuation #4,Valuation #5,Valuation #6,Valuation #7,Valuation #8,Valuation #9,Valuation #10,E.D.B.,Investor Bids,Bid #1,Bid #2,Bid #3,Bid #4,Bid #5,Bid #6,Bid #7,Bid #8,Bid #9,Bid #10,Reserve,Best Bid,Winning Bidder
0.0,278475.84070003364,638587.0204301849,,25445.222862949246,149121.25053369114,3588.552027307127,389910.045971032,152799.23382691093,2617594.9719276,64953.25130654016,25516.534323134016,3932.7209020258665,46971.929582585166,0.016,,0.394,0.068,2.787,0.026000000000000002,0.066,0.004,0.154,0.392,2.543,0.213,0.073,0.025,investor 6
1.0,276988.65329392976,634752.5812035358,,25444.583054176834,149230.99579338223,3591.5721287019146,390450.4706556056,152800.01398026384,2617863.4506622874,64983.01428710246,25545.495967078747,3936.862678710322,46997.20078445003,0.016,,0.394,0.068,2.785,0.026000000000000002,0.066,0.004,0.154,0.392,2.541,0.213,0.073,0.025,investor 6
361.0,276988.65329392976,634752.5812035358,,25444.583054176834,149230.99579338223,3591.5721287019146,390450.4706556056,152800.01398026384,2617863.4506622874,64983.01428710246,25545.495967078747,3936.862678710322,46997.20078445003,0.016,,0.394,0.068,2.785,0.026000000000000002,0.066,0.004,0.154,0.392,2.541,0.213,0.073,0.025,investor 6
721.0,276988.65329392976,634752.5812035358,,25444.583054176834,149230.99579338223,3591.5721287019146,390450.4706556056,152800.01398026384,2617863.4506622874,64983.01428710246,25545.495967078747,3936.862678710322,46997.20078445003,0.016,,0.394,0.068,2.785,0.026000000000000002,0.066,0.004,0.154,0.392,2.541,0.213,0.073,0.025,investor 6
1081.0,276988.65329392976,634752.5812035358,,25444.583054176834,149230.99579338223,3591.5721287019146,390450.4706556056,152800.01398026384,2617863.4506622874,64983.01428710246,25545.495967078747,3936.862678710322,46997.20078445003,0.016,,0.394,0.068,2.785,0.026000000000000002,0.066,0.004,0.154,0.392,2.541,0.213,0.073,0.025,investor 6
1441.0000000000002,276988.65329392976,634752.5812035358,,25444.583054176834,149230.99579338223,3591.5721287019146,390450.4706556056,152800.01398026384,2617863.4506622874,64983.01428710246,25545.495967078747,3936.862678710322,46997.20078445003,0.016,,0.394,0.068,2.785,0.026000000000000002,0.066,0.004,0.154,0.392,2.541,0.213,0.073,0.025,investor 6
