Time,Home Value,HEP Expectation,Investor Valuations,Valuation #1,Valuation #2,Valuation #3,Valuation #4,Valuation #5,Valuation #6,Valuation #7,Valuation #8,Valuation #9,Valuation #10,E.D.B.,Investor Bids,Bid #1,Bid #2,Bid #3,Bid #4,Bid #5,Bid #6,Bid #7,Bid #8,Bid #9,Bid #10,Reserve,Best Bid,Winning Bidder
0.0,238077.4993664497,564553.1585648644,,16757.7424645881,205167.96913917345,118813.1660860705,86502.31620756493,7408.321481129755,117203.9299103141,90324.92705555557,35353.55325497944,5172.153360979451,405959.34696783184,0.018000000000000002,,0.597,0.049,0.085,0.116,1.35,0.08600000000000001,0.111,0.28300000000000003,1.934,0.025,0.217,0.048,investor 10
1.0,237970.32644221935,564229.5133840161,,16772.236963330306,205269.40712766687,118827.07225366261,86594.21444265931,7413.652629462535,117273.51782751999,90390.13275109707,35340.534638040874,5174.4724551958325,406028.67011632863,0.018000000000000002,,0.597,0.049,0.085,0.116,1.349,0.08600000000000001,0.111,0.28300000000000003,1.933,0.025,0.217,0.048,investor 10
361.0,237970.32644221935,564229.5133840161,,16772.236963330306,205269.40712766687,118827.07225366261,86594.21444265931,7413.652629462535,117273.51782751999,90390.13275109707,35340.534638040874,5174.4724551958325,406028.67011632863,0.018000000000000002,,0.597,0.049,0.085,0.116,1.349,0.08600000000000001,0.111,0.28300000000000003,1.933,0.025,0.217,0.048,investor 10
721.0,237970.32644221935,564229.5133840161,,16772.236963330306,205269.40712766687,118827.07225366261,86594.21444265931,7413.652629462535,117273.51782751999,90390.13275109707,35340.534638040874,5174.4724551958325,406028.67011632863,0.018000000000000002,,0.597,0.049,0.085,0.116,1.349,0.08600000000000001,0.111,0.28300000000000003,1.933,0.025,0.217,0.048,investor 10
1081.0,237970.32644221935,564229.5133840161,,16772.236963330306,205269.40712766687,118827.07225366261,86594.21444265931,7413.652629462535,117273.51782751999,90390.13275109707,35340.534638040874,5174.4724551958325,406028.67011632863,0.018000000000000002,,0.597,0.049,0.085,0.116,1.349,0.08600000000000001,0.111,0.28300000000000003,1.933,0.025,0.217,0.048,investor 10
1441.0000000000002,237970.32644221935,564229.5133840161,,16772.236963330306,205269.40712766687,118827.07225366261,86594.21444265931,7413.652629462535,117273.51782751999,90390.13275109707,35340.534638040874,5174.4724551958325,406028.67011632863,0.018000000000000002,,0.597,0.049,0.085,0.116,1.349,0.08600000000000001,0.111,0.28300000000000003,1.933,0.025,0.217,0.048,investor 10
