Time,Home Value,HEP Expectation,Investor Valuations,Valuation #1,Valuation #2,Valuation #3,Valuation #4,Valuation #5,Valuation #6,Valuation #7,Valuation #8,Valuation #9,Valuation #10,E.D.B.,Investor Bids,Bid #1,Bid #2,Bid #3,Bid #4,Bid #5,Bid #6,Bid #7,Bid #8,Bid #9,Bid #10,Reserve,Best Bid,Winning Bidder
0.0,271165.9451292153,500481.3183749713,,1024.3826595265302,146576.84254796917,34823.99022957013,51373.704458713524,307503.348751887,57476.24513698534,6396.673211271565,343254.3148614629,67449.21786610097,121320.91337399362,0.02,,9.762,0.069,0.28800000000000003,0.195,0.033,0.17400000000000002,1.564,0.03,0.149,0.083,0.203,0.032,investor 8
1.0,270800.4067676478,499555.9045791823,,1025.0246428676417,146635.1130766401,34848.7921498585,51422.64705987485,307472.6431301098,57478.13776394592,6397.75874867213,343356.208690525,67489.16587325688,121523.17079512762,0.021,,9.756,0.069,0.28700000000000003,0.195,0.033,0.17400000000000002,1.564,0.03,0.149,0.083,0.203,0.032,investor 8
361.0,270800.4067676478,499555.9045791823,,1025.0246428676417,146635.1130766401,34848.7921498585,51422.64705987485,307472.6431301098,57478.13776394592,6397.75874867213,343356.208690525,67489.16587325688,121523.17079512762,0.021,,9.756,0.069,0.28700000000000003,0.195,0.033,0.17400000000000002,1.564,0.03,0.149,0.083,0.203,0.032,investor 8
721.0,270800.4067676478,499555.9045791823,,1025.0246428676417,146635.1130766401,34848.7921498585,51422.64705987485,307472.6431301098,57478.13776394592,6397.75874867213,343356.208690525,67489.16587325688,121523.17079512762,0.021,,9.756,0.069,0.28700000000000003,0.195,0.033,0.17400000000000002,1.564,0.03,0.149,0.083,0.203,0.032,investor 8
1081.0,270800.4067676478,499555.9045791823,,1025.0246428676417,146635.1130766401,34848.7921498585,51422.64705987485,307472.6431301098,57478.13776394592,6397.75874867213,343356.208690525,67489.16587325688,121523.17079512762,0.021,,9.756,0.069,0.28700000000000003,0.195,0.033,0.17400000000000002,1.564,0.03,0.149,0.083,0.203,0.032,investor 8
1441.0000000000002,270800.4067676478,499555.9045791823,,1025.0246428676417,146635.1130766401,34848.7921498585,51422.64705987485,307472.6431301098,57478.13776394592,6397.75874867213,343356.208690525,67489.16587325688,121523.17079512762,0.021,,9.756,0.069,0.28700000000000003,0.195,0.033,0.17400000000000002,1.564,0.03,0.149,0.083,0.203,0.032,investor 8
