Time,Home Value,HEP Expectation,Investor Valuations,Valuation #1,Valuation #2,Valuation #3,Valuation #4,Valuation #5,Valuation #6,Valuation #7,Valuation #8,Valuation #9,Valuation #10,E.D.B.,Investor Bids,Bid #1,Bid #2,Bid #3,Bid #4,Bid #5,Bid #6,Bid #7,Bid #8,Bid #9,Bid #10,Reserve,Best Bid,Winning Bidder
0.0,425232.3876069002,771467.5467908737,,833.3033647833627,16383.886803967955,75221.07518505285,29028.23048728958,148201.0779434767,2086.9052406383835,111539.95000125532,10012.732908101007,56747.60831405811,4773.423229793025,0.013000000000000001,,12.001,0.611,0.133,0.34500000000000003,0.068,4.792,0.09,0.999,0.177,2.095,0.076,0.075,investor 5
1.0,425142.1169448971,771255.7865725808,,833.6638285141714,16393.207514477446,75317.35263602024,29037.696217177694,148282.4656776313,2086.000961034702,111609.47991000967,10022.884107595137,56743.19702517704,4771.526924899417,0.013000000000000001,,11.996,0.611,0.133,0.34500000000000003,0.068,4.7940000000000005,0.09,0.998,0.177,2.096,0.076,0.075,investor 5
361.0,425142.1169448971,771255.7865725808,,833.6638285141714,16393.207514477446,75317.35263602024,29037.696217177694,148282.4656776313,2086.000961034702,111609.47991000967,10022.884107595137,56743.19702517704,4771.526924899417,0.013000000000000001,,11.996,0.611,0.133,0.34500000000000003,0.068,4.7940000000000005,0.09,0.998,0.177,2.096,0.076,0.075,investor 5
721.0,425142.1169448971,771255.7865725808,,833.6638285141714,16393.207514477446,75317.35263602024,29037.696217177694,148282.4656776313,2086.000961034702,111609.47991000967,10022.884107595137,56743.19702517704,4771.526924899417,0.013000000000000001,,11.996,0.611,0.133,0.34500000000000003,0.068,4.7940000000000005,0.09,0.998,0.177,2.096,0.076,0.075,investor 5
1081.0,425142.1169448971,771255.7865725808,,833.6638285141714,16393.207514477446,75317.35263602024,29037.696217177694,148282.4656776313,2086.000961034702,111609.47991000967,10022.884107595137,56743.19702517704,4771.526924899417,0.013000000000000001,,11.996,0.611,0.133,0.34500000000000003,0.068,4.7940000000000005,0.09,0.998,0.177,2.096,0.076,0.075,investor 5
1441.0000000000002,425142.1169448971,771255.7865725808,,833.6638285141714,16393.207514477446,75317.35263602024,29037.696217177694,148282.4656776313,2086.000961034702,111609.47991000967,10022.884107595137,56743.19702517704,4771.526924899417,0.013000000000000001,,11.996,0.611,0.133,0.34500000000000003,0.068,4.7940000000000005,0.09,0.998,0.177,2.096,0.076,0.075,investor 5
