Time,Home Value,HEP Expectation,Investor Valuations,Valuation #1,Valuation #2,Valuation #3,Valuation #4,Valuation #5,Valuation #6,Valuation #7,Valuation #8,Valuation #9,Valuation #10,E.D.B.,Investor Bids,Bid #1,Bid #2,Bid #3,Bid #4,Bid #5,Bid #6,Bid #7,Bid #8,Bid #9,Bid #10,Reserve,Best Bid,Winning Bidder
0.0,306853.9962839977,716800.9648408246,,311340.1920687368,28920.26594493781,522127.5765874797,596532.5471529489,2149148.801312663,13236.599849427022,993409.3533472542,77527.95711227774,14379.540369094817,1446.879948221041,0.014,,0.033,0.34600000000000003,0.02,0.017,0.005,0.756,0.011,0.129,0.6960000000000001,6.912,0.244,0.009999999999999998,investor 5
1.0,306748.93450932775,716480.8486535064,,311281.8237585109,28940.745549612293,522249.06499457237,596377.0661135408,2149976.9820139366,13238.983104094768,993543.5916707016,77545.80545731516,14388.923735109891,1447.9089326888811,0.014,,0.033,0.34600000000000003,0.02,0.017,0.005,0.756,0.011,0.129,0.6950000000000001,6.907,0.244,0.009999999999999998,investor 5
361.0,306748.93450932775,716480.8486535064,,311281.8237585109,28940.745549612293,522249.06499457237,596377.0661135408,2149976.9820139366,13238.983104094768,993543.5916707016,77545.80545731516,14388.923735109891,1447.9089326888811,0.014,,0.033,0.34600000000000003,0.02,0.017,0.005,0.756,0.011,0.129,0.6950000000000001,6.907,0.244,0.009999999999999998,investor 5
721.0,306748.93450932775,716480.8486535064,,311281.8237585109,28940.745549612293,522249.06499457237,596377.0661135408,2149976.9820139366,13238.983104094768,993543.5916707016,77545.80545731516,14388.923735109891,1447.9089326888811,0.014,,0.033,0.34600000000000003,0.02,0.017,0.005,0.756,0.011,0.129,0.6950000000000001,6.907,0.244,0.009999999999999998,investor 5
1081.0,306748.93450932775,716480.8486535064,,311281.8237585109,28940.745549612293,522249.06499457237,596377.0661135408,2149976.9820139366,13238.983104094768,993543.5916707016,77545.80545731516,14388.923735109891,1447.9089326888811,0.014,,0.033,0.34600000000000003,0.02,0.017,0.005,0.756,0.011,0.129,0.6950000000000001,6.907,0.244,0.009999999999999998,investor 5
1441.0000000000002,306748.93450932775,716480.8486535064,,311281.8237585109,28940.745549612293,522249.06499457237,596377.0661135408,2149976.9820139366,13238.983104094768,993543.5916707016,77545.80545731516,14388.923735109891,1447.9089326888811,0.014,,0.033,0.34600000000000003,0.02,0.017,0.005,0.756,0.011,0.129,0.6950000000000001,6.907,0.244,0.009999999999999998,investor 5
