Time,Home Value,HEP Expectation,Investor Valuations,Valuation #1,Valuation #2,Valuation #3,Valuation #4,Valuation #5,Valuation #6,Valuation #7,Valuation #8,Valuation #9,Valuation #10,E.D.B.,Investor Bids,Bid #1,Bid #2,Bid #3,Bid #4,Bid #5,Bid #6,Bid #7,Bid #8,Bid #9,Bid #10,Reserve,Best Bid,Winning Bidder
0.0,316312.3393750894,595851.2460070982,,1363.682754822578,205001.85845678917,74357.96311087636,205442.07702786278,45762.833272937874,39790.20242411768,105481.74079083375,929102.5672053411,26552.68872590913,72149.11667579577,0.017,,,0.049,0.135,0.049,0.219,0.252,0.095,0.011,0.377,0.139,0.48,0.048,investor 8
1.0,315595.5014356738,593937.3759782161,,1363.7628958996675,205044.78146252246,74399.97673776792,205464.90662114258,45729.42986099696,39804.16125834006,105617.65324275939,929690.9588969122,26545.20766208023,72128.98481555146,0.017,,,0.049,0.135,0.049,0.219,0.252,0.095,0.011,0.377,0.139,0.48,0.048,investor 8
361.0,315595.5014356738,593937.3759782161,,1363.7628958996675,205044.78146252246,74399.97673776792,205464.90662114258,45729.42986099696,39804.16125834006,105617.65324275939,929690.9588969122,26545.20766208023,72128.98481555146,0.017,,,0.049,0.135,0.049,0.219,0.252,0.095,0.011,0.377,0.139,0.48,0.048,investor 8
721.0,315595.5014356738,593937.3759782161,,1363.7628958996675,205044.78146252246,74399.97673776792,205464.90662114258,45729.42986099696,39804.16125834006,105617.65324275939,929690.9588969122,26545.20766208023,72128.98481555146,0.017,,,0.049,0.135,0.049,0.219,0.252,0.095,0.011,0.377,0.139,0.48,0.048,investor 8
1081.0,315595.5014356738,593937.3759782161,,1363.7628958996675,205044.78146252246,74399.97673776792,205464.90662114258,45729.42986099696,39804.16125834006,105617.65324275939,929690.9588969122,26545.20766208023,72128.98481555146,0.017,,,0.049,0.135,0.049,0.219,0.252,0.095,0.011,0.377,0.139,0.48,0.048,investor 8
1441.0000000000002,315595.5014356738,593937.3759782161,,1363.7628958996675,205044.78146252246,74399.97673776792,205464.90662114258,45729.42986099696,39804.16125834006,105617.65324275939,929690.9588969122,26545.20766208023,72128.98481555146,0.017,,,0.049,0.135,0.049,0.219,0.252,0.095,0.011,0.377,0.139,0.48,0.048,investor 8
