Time,Home Value,HEP Expectation,Investor Valuations,Valuation #1,Valuation #2,Valuation #3,Valuation #4,Valuation #5,Valuation #6,Valuation #7,Valuation #8,Valuation #9,Valuation #10,E.D.B.,Investor Bids,Bid #1,Bid #2,Bid #3,Bid #4,Bid #5,Bid #6,Bid #7,Bid #8,Bid #9,Bid #10,Reserve,Best Bid,Winning Bidder
0.0,141134.73229837453,299351.9825581284,,36906.58277960958,335237.9202802198,27118.600098028863,97316.60245882295,19170.857168299728,148447.07395373026,176423.26281355927,190394.33275189664,20898.402396832593,55212.452852867245,0.034,,0.271,0.03,0.369,0.10300000000000001,0.522,0.068,0.057,0.053,0.47900000000000004,0.182,0.229,0.052,investor 2
1.0,141127.805856936,299333.46171198593,,36908.125129518696,335303.01204697136,27117.745862298652,97325.95756904554,19198.089417513373,148586.96435831892,176595.12031439625,190495.44505848724,20931.321907083144,55210.152720046506,0.034,,0.271,0.03,0.369,0.10300000000000001,0.521,0.068,0.057,0.053,0.47800000000000004,0.182,0.229,0.052,investor 2
361.0,141127.805856936,299333.46171198593,,36908.125129518696,335303.01204697136,27117.745862298652,97325.95756904554,19198.089417513373,148586.96435831892,176595.12031439625,190495.44505848724,20931.321907083144,55210.152720046506,0.034,,0.271,0.03,0.369,0.10300000000000001,0.521,0.068,0.057,0.053,0.47800000000000004,0.182,0.229,0.052,investor 2
721.0,141127.805856936,299333.46171198593,,36908.125129518696,335303.01204697136,27117.745862298652,97325.95756904554,19198.089417513373,148586.96435831892,176595.12031439625,190495.44505848724,20931.321907083144,55210.152720046506,0.034,,0.271,0.03,0.369,0.10300000000000001,0.521,0.068,0.057,0.053,0.47800000000000004,0.182,0.229,0.052,investor 2
1081.0,141127.805856936,299333.46171198593,,36908.125129518696,335303.01204697136,27117.745862298652,97325.95756904554,19198.089417513373,148586.96435831892,176595.12031439625,190495.44505848724,20931.321907083144,55210.152720046506,0.034,,0.271,0.03,0.369,0.10300000000000001,0.521,0.068,0.057,0.053,0.47800000000000004,0.182,0.229,0.052,investor 2
1441.0000000000002,141127.805856936,299333.46171198593,,36908.125129518696,335303.01204697136,27117.745862298652,97325.95756904554,19198.089417513373,148586.96435831892,176595.12031439625,190495.44505848724,20931.321907083144,55210.152720046506,0.034,,0.271,0.03,0.369,0.10300000000000001,0.521,0.068,0.057,0.053,0.47800000000000004,0.182,0.229,0.052,investor 2
