Time,Home Value,HEP Expectation,Investor Valuations,Valuation #1,Valuation #2,Valuation #3,Valuation #4,Valuation #5,Valuation #6,Valuation #7,Valuation #8,Valuation #9,Valuation #10,E.D.B.,Investor Bids,Bid #1,Bid #2,Bid #3,Bid #4,Bid #5,Bid #6,Bid #7,Bid #8,Bid #9,Bid #10,Reserve,Best Bid,Winning Bidder
0.0,211476.78737890773,427431.22715878405,,11184.42341540608,229099.66612272928,700743.7188644165,36452.00891696344,226649.0633802778,35418.061920304746,99971.80960537684,31865.301195624008,17730.540870043,71377.64995645039,0.024,,0.895,0.044,0.015,0.275,0.045,0.28300000000000003,0.101,0.314,0.5640000000000001,0.14100000000000001,0.13,0.043,investor 3
1.0,210724.01804232324,425533.369927232,,11178.927908239413,229241.34816666308,700822.5628117155,36469.76982041089,226756.38458939784,35433.16392397377,100038.80265516698,31862.282255166323,17768.595345911748,71543.40676580166,0.024,,0.895,0.044,0.015,0.275,0.045,0.28300000000000003,0.1,0.314,0.5630000000000001,0.14,0.13,0.043,investor 3
361.0,210724.01804232324,425533.369927232,,11178.927908239413,229241.34816666308,700822.5628117155,36469.76982041089,226756.38458939784,35433.16392397377,100038.80265516698,31862.282255166323,17768.595345911748,71543.40676580166,0.024,,0.895,0.044,0.015,0.275,0.045,0.28300000000000003,0.1,0.314,0.5630000000000001,0.14,0.13,0.043,investor 3
721.0,210724.01804232324,425533.369927232,,11178.927908239413,229241.34816666308,700822.5628117155,36469.76982041089,226756.38458939784,35433.16392397377,100038.80265516698,31862.282255166323,17768.595345911748,71543.40676580166,0.024,,0.895,0.044,0.015,0.275,0.045,0.28300000000000003,0.1,0.314,0.5630000000000001,0.14,0.13,0.043,investor 3
1081.0,210724.01804232324,425533.369927232,,11178.927908239413,229241.34816666308,700822.5628117155,36469.76982041089,226756.38458939784,35433.16392397377,100038.80265516698,31862.282255166323,17768.595345911748,71543.40676580166,0.024,,0.895,0.044,0.015,0.275,0.045,0.28300000000000003,0.1,0.314,0.5630000000000001,0.14,0.13,0.043,investor 3
1441.0000000000002,210724.01804232324,425533.369927232,,11178.927908239413,229241.34816666308,700822.5628117155,36469.76982041089,226756.38458939784,35433.16392397377,100038.80265516698,31862.282255166323,17768.595345911748,71543.40676580166,0.024,,0.895,0.044,0.015,0.275,0.045,0.28300000000000003,0.1,0.314,0.5630000000000001,0.14,0.13,0.043,investor 3
