Time,Home Value,HEP Expectation,Investor Valuations,Valuation #1,Valuation #2,Valuation #3,Valuation #4,Valuation #5,Valuation #6,Valuation #7,Valuation #8,Valuation #9,Valuation #10,E.D.B.,Investor Bids,Bid #1,Bid #2,Bid #3,Bid #4,Bid #5,Bid #6,Bid #7,Bid #8,Bid #9,Bid #10,Reserve,Best Bid,Winning Bidder
0.0,232654.20272281315,588105.8531529573,,175845.56883617144,5841.0190970423755,21392.06350015145,586.3685999804934,11113.645765990816,109687.0367521362,64382.23892648439,59230.98974224294,1122.5350523224658,605021.0978035809,0.018000000000000002,,0.057,1.713,0.468,17.055,0.9,0.092,0.156,0.169,8.909,0.017,0.135,0.056,investor 10
1.0,233667.55835652302,591201.4237698492,,175823.75194147864,5846.612101374105,21412.389766747685,586.583231220682,11114.63294616528,109788.17598607636,64402.590929672544,59240.06706534402,1123.0832967022147,605402.7303194205,0.017,,0.057,1.711,0.468,17.048000000000002,0.9,0.092,0.156,0.169,8.905,0.017,0.135,0.056,investor 10
361.0,233667.55835652302,591201.4237698492,,175823.75194147864,5846.612101374105,21412.389766747685,586.583231220682,11114.63294616528,109788.17598607636,64402.590929672544,59240.06706534402,1123.0832967022147,605402.7303194205,0.017,,0.057,1.711,0.468,17.048000000000002,0.9,0.092,0.156,0.169,8.905,0.017,0.135,0.056,investor 10
721.0,233667.55835652302,591201.4237698492,,175823.75194147864,5846.612101374105,21412.389766747685,586.583231220682,11114.63294616528,109788.17598607636,64402.590929672544,59240.06706534402,1123.0832967022147,605402.7303194205,0.017,,0.057,1.711,0.468,17.048000000000002,0.9,0.092,0.156,0.169,8.905,0.017,0.135,0.056,investor 10
1081.0,233667.55835652302,591201.4237698492,,175823.75194147864,5846.612101374105,21412.389766747685,586.583231220682,11114.63294616528,109788.17598607636,64402.590929672544,59240.06706534402,1123.0832967022147,605402.7303194205,0.017,,0.057,1.711,0.468,17.048000000000002,0.9,0.092,0.156,0.169,8.905,0.017,0.135,0.056,investor 10
1441.0000000000002,233667.55835652302,591201.4237698492,,175823.75194147864,5846.612101374105,21412.389766747685,586.583231220682,11114.63294616528,109788.17598607636,64402.590929672544,59240.06706534402,1123.0832967022147,605402.7303194205,0.017,,0.057,1.711,0.468,17.048000000000002,0.9,0.092,0.156,0.169,8.905,0.017,0.135,0.056,investor 10
