Time,Home Value,HEP Expectation,Investor Valuations,Valuation #1,Valuation #2,Valuation #3,Valuation #4,Valuation #5,Valuation #6,Valuation #7,Valuation #8,Valuation #9,Valuation #10,E.D.B.,Investor Bids,Bid #1,Bid #2,Bid #3,Bid #4,Bid #5,Bid #6,Bid #7,Bid #8,Bid #9,Bid #10,Reserve,Best Bid,Winning Bidder
0.0,557424.6001988035,1145420.8719766035,,194035.8712771057,214310.14268049388,86040.76267868368,104511.982185575,151308.12117286213,168247.4554877817,31193.88591571526,2040.1924298985641,807786.4433075732,33732.78967549974,0.009000000000000001,,0.052000000000000005,0.047,0.117,0.096,0.067,0.06,0.321,4.902,0.013000000000000001,0.297,0.031,0.03,investor 9
1.0,557146.3223177138,1144778.0992353295,,194042.45112231534,214473.85392821426,86059.1013311856,104546.48736613234,151360.45434072646,168373.18903387038,31199.452609428212,2041.245260445671,808454.2938755905,33758.06255256802,0.009000000000000001,,0.052000000000000005,0.047,0.117,0.096,0.067,0.06,0.321,4.899,0.013000000000000001,0.297,0.031,0.03,investor 9
361.0,557146.3223177138,1144778.0992353295,,194042.45112231534,214473.85392821426,86059.1013311856,104546.48736613234,151360.45434072646,168373.18903387038,31199.452609428212,2041.245260445671,808454.2938755905,33758.06255256802,0.009000000000000001,,0.052000000000000005,0.047,0.117,0.096,0.067,0.06,0.321,4.899,0.013000000000000001,0.297,0.031,0.03,investor 9
721.0,557146.3223177138,1144778.0992353295,,194042.45112231534,214473.85392821426,86059.1013311856,104546.48736613234,151360.45434072646,168373.18903387038,31199.452609428212,2041.245260445671,808454.2938755905,33758.06255256802,0.009000000000000001,,0.052000000000000005,0.047,0.117,0.096,0.067,0.06,0.321,4.899,0.013000000000000001,0.297,0.031,0.03,investor 9
1081.0,557146.3223177138,1144778.0992353295,,194042.45112231534,214473.85392821426,86059.1013311856,104546.48736613234,151360.45434072646,168373.18903387038,31199.452609428212,2041.245260445671,808454.2938755905,33758.06255256802,0.009000000000000001,,0.052000000000000005,0.047,0.117,0.096,0.067,0.06,0.321,4.899,0.013000000000000001,0.297,0.031,0.03,investor 9
1441.0000000000002,557146.3223177138,1144778.0992353295,,194042.45112231534,214473.85392821426,86059.1013311856,104546.48736613234,151360.45434072646,168373.18903387038,31199.452609428212,2041.245260445671,808454.2938755905,33758.06255256802,0.009000000000000001,,0.052000000000000005,0.047,0.117,0.096,0.067,0.06,0.321,4.899,0.013000000000000001,0.297,0.031,0.03,investor 9
