Time,Home Value,HEP Expectation,Investor Valuations,Valuation #1,Valuation #2,Valuation #3,Valuation #4,Valuation #5,Valuation #6,Valuation #7,Valuation #8,Valuation #9,Valuation #10,E.D.B.,Investor Bids,Bid #1,Bid #2,Bid #3,Bid #4,Bid #5,Bid #6,Bid #7,Bid #8,Bid #9,Bid #10,Reserve,Best Bid,Winning Bidder
0.0,212560.37274799167,399437.41410154506,,17276.29036725589,74422.0616437144,25893.6940026628,72611.1962894431,4018.2501729263486,373.80466673813845,53962.20999398029,21827.396362851305,4111.8192721459845,720807.6778495098,0.026000000000000002,,0.579,0.135,0.387,0.138,2.489,26.752,0.186,0.459,2.433,0.014,0.099,0.098,investor 10
1.0,212590.16107206527,399504.0968130122,,17281.971682495365,74461.91001995378,25917.974956342496,72622.93713516324,4015.9750659693927,374.1595303688609,53971.58186500542,21835.144077924328,4113.11839750204,721206.366632627,0.026000000000000002,,0.579,0.135,0.386,0.138,2.491,26.727,0.186,0.458,2.432,0.014,0.099,0.098,investor 10
361.0,212590.16107206527,399504.0968130122,,17281.971682495365,74461.91001995378,25917.974956342496,72622.93713516324,4015.9750659693927,374.1595303688609,53971.58186500542,21835.144077924328,4113.11839750204,721206.366632627,0.026000000000000002,,0.579,0.135,0.386,0.138,2.491,26.727,0.186,0.458,2.432,0.014,0.099,0.098,investor 10
721.0,212590.16107206527,399504.0968130122,,17281.971682495365,74461.91001995378,25917.974956342496,72622.93713516324,4015.9750659693927,374.1595303688609,53971.58186500542,21835.144077924328,4113.11839750204,721206.366632627,0.026000000000000002,,0.579,0.135,0.386,0.138,2.491,26.727,0.186,0.458,2.432,0.014,0.099,0.098,investor 10
1081.0,212590.16107206527,399504.0968130122,,17281.971682495365,74461.91001995378,25917.974956342496,72622.93713516324,4015.9750659693927,374.1595303688609,53971.58186500542,21835.144077924328,4113.11839750204,721206.366632627,0.026000000000000002,,0.579,0.135,0.386,0.138,2.491,26.727,0.186,0.458,2.432,0.014,0.099,0.098,investor 10
1441.0000000000002,212590.16107206527,399504.0968130122,,17281.971682495365,74461.91001995378,25917.974956342496,72622.93713516324,4015.9750659693927,374.1595303688609,53971.58186500542,21835.144077924328,4113.11839750204,721206.366632627,0.026000000000000002,,0.579,0.135,0.386,0.138,2.491,26.727,0.186,0.458,2.432,0.014,0.099,0.098,investor 10
