Time,Home Value,HEP Expectation,Investor Valuations,Valuation #1,Valuation #2,Valuation #3,Valuation #4,Valuation #5,Valuation #6,Valuation #7,Valuation #8,Valuation #9,Valuation #10,E.D.B.,Investor Bids,Bid #1,Bid #2,Bid #3,Bid #4,Bid #5,Bid #6,Bid #7,Bid #8,Bid #9,Bid #10,Reserve,Best Bid,Winning Bidder
0.0,147196.01191950933,288724.19489960617,,283379.07632874505,174650.00978480358,314006.9991636214,146883.0506245326,187389.2791717454,22418.005239143047,11625.365087515678,245438.22867282637,4761.533244058852,1313589.9678089092,0.035,,0.036000000000000004,0.058,0.032,0.069,0.054,0.447,0.861,0.041,2.101,0.008,0.158,0.031,investor 10
1.0,146822.04886394463,287845.06597386923,,283464.6952603415,174713.51320113314,314031.13536721235,147003.65577890837,187535.2638324002,22452.48121421865,11631.113742682102,245445.24556454524,4764.596824918399,1313865.8836860696,0.035,,0.036000000000000004,0.058,0.032,0.069,0.054,0.446,0.86,0.041,2.099,0.008,0.158,0.031,investor 10
361.0,146822.04886394463,287845.06597386923,,283464.6952603415,174713.51320113314,314031.13536721235,147003.65577890837,187535.2638324002,22452.48121421865,11631.113742682102,245445.24556454524,4764.596824918399,1313865.8836860696,0.035,,0.036000000000000004,0.058,0.032,0.069,0.054,0.446,0.86,0.041,2.099,0.008,0.158,0.031,investor 10
721.0,146822.04886394463,287845.06597386923,,283464.6952603415,174713.51320113314,314031.13536721235,147003.65577890837,187535.2638324002,22452.48121421865,11631.113742682102,245445.24556454524,4764.596824918399,1313865.8836860696,0.035,,0.036000000000000004,0.058,0.032,0.069,0.054,0.446,0.86,0.041,2.099,0.008,0.158,0.031,investor 10
1081.0,146822.04886394463,287845.06597386923,,283464.6952603415,174713.51320113314,314031.13536721235,147003.65577890837,187535.2638324002,22452.48121421865,11631.113742682102,245445.24556454524,4764.596824918399,1313865.8836860696,0.035,,0.036000000000000004,0.058,0.032,0.069,0.054,0.446,0.86,0.041,2.099,0.008,0.158,0.031,investor 10
1441.0000000000002,146822.04886394463,287845.06597386923,,283464.6952603415,174713.51320113314,314031.13536721235,147003.65577890837,187535.2638324002,22452.48121421865,11631.113742682102,245445.24556454524,4764.596824918399,1313865.8836860696,0.035,,0.036000000000000004,0.058,0.032,0.069,0.054,0.446,0.86,0.041,2.099,0.008,0.158,0.031,investor 10
