Time,Home Value,HEP Expectation,Investor Valuations,Valuation #1,Valuation #2,Valuation #3,Valuation #4,Valuation #5,Valuation #6,Valuation #7,Valuation #8,Valuation #9,Valuation #10,E.D.B.,Investor Bids,Bid #1,Bid #2,Bid #3,Bid #4,Bid #5,Bid #6,Bid #7,Bid #8,Bid #9,Bid #10,Reserve,Best Bid,Winning Bidder
0.0,444541.27806744166,895105.0529097772,,176640.911274661,21198.750858490213,1773932.0049509455,16663.195550385128,6937.808936641953,231224.54904602887,79572.38899692318,27107.259908279906,22718.733323028373,212080.4981691392,0.012,,0.057,0.47200000000000003,0.006,0.601,1.442,0.044,0.126,0.369,0.441,0.048,0.039,0.038,investor 3
1.0,444850.86431196623,895813.9823013085,,176761.1918867308,21222.188514588903,1773902.2790632893,16670.67972284247,6947.5524072101425,231289.17595495534,79575.07348049516,27119.785259880642,22732.90458084044,212052.94042579157,0.012,,0.057,0.47200000000000003,0.006,0.6,1.44,0.044,0.126,0.369,0.44,0.048,0.039,0.038,investor 3
361.0,444850.86431196623,895813.9823013085,,176761.1918867308,21222.188514588903,1773902.2790632893,16670.67972284247,6947.5524072101425,231289.17595495534,79575.07348049516,27119.785259880642,22732.90458084044,212052.94042579157,0.012,,0.057,0.47200000000000003,0.006,0.6,1.44,0.044,0.126,0.369,0.44,0.048,0.039,0.038,investor 3
721.0,444850.86431196623,895813.9823013085,,176761.1918867308,21222.188514588903,1773902.2790632893,16670.67972284247,6947.5524072101425,231289.17595495534,79575.07348049516,27119.785259880642,22732.90458084044,212052.94042579157,0.012,,0.057,0.47200000000000003,0.006,0.6,1.44,0.044,0.126,0.369,0.44,0.048,0.039,0.038,investor 3
1081.0,444850.86431196623,895813.9823013085,,176761.1918867308,21222.188514588903,1773902.2790632893,16670.67972284247,6947.5524072101425,231289.17595495534,79575.07348049516,27119.785259880642,22732.90458084044,212052.94042579157,0.012,,0.057,0.47200000000000003,0.006,0.6,1.44,0.044,0.126,0.369,0.44,0.048,0.039,0.038,investor 3
1441.0000000000002,444850.86431196623,895813.9823013085,,176761.1918867308,21222.188514588903,1773902.2790632893,16670.67972284247,6947.5524072101425,231289.17595495534,79575.07348049516,27119.785259880642,22732.90458084044,212052.94042579157,0.012,,0.057,0.47200000000000003,0.006,0.6,1.44,0.044,0.126,0.369,0.44,0.048,0.039,0.038,investor 3
