Time,Home Value,HEP Expectation,Investor Valuations,Valuation #1,Valuation #2,Valuation #3,Valuation #4,Valuation #5,Valuation #6,Valuation #7,Valuation #8,Valuation #9,Valuation #10,E.D.B.,Investor Bids,Bid #1,Bid #2,Bid #3,Bid #4,Bid #5,Bid #6,Bid #7,Bid #8,Bid #9,Bid #10,Reserve,Best Bid,Winning Bidder
0.0,154165.48061555397,252420.07426656203,,7960.515680452026,43371.09724373173,283899.9271898219,5720.156790844151,305933.6173266636,23234.306958922592,89858.879854877,8878.175311528503,3365.185565726367,513201.4556273129,0.04,,1.2570000000000001,0.231,0.036000000000000004,1.749,0.033,0.431,0.112,1.127,2.972,0.02,1.706,0.032,investor 10
1.0,154547.41397345735,253356.94507305574,,7967.996316766185,43381.13795149736,283967.34887820174,5724.560067717866,306255.97657992464,23247.259090982127,89887.45728974543,8887.966194529947,3369.360742808338,513064.80850957555,0.04,,1.256,0.231,0.036000000000000004,1.747,0.033,0.431,0.112,1.1260000000000001,2.968,0.02,1.706,0.032,investor 10
361.0,154547.41397345735,253356.94507305574,,7967.996316766185,43381.13795149736,283967.34887820174,5724.560067717866,306255.97657992464,23247.259090982127,89887.45728974543,8887.966194529947,3369.360742808338,513064.80850957555,0.04,,1.256,0.231,0.036000000000000004,1.747,0.033,0.431,0.112,1.1260000000000001,2.968,0.02,1.706,0.032,investor 10
721.0,154547.41397345735,253356.94507305574,,7967.996316766185,43381.13795149736,283967.34887820174,5724.560067717866,306255.97657992464,23247.259090982127,89887.45728974543,8887.966194529947,3369.360742808338,513064.80850957555,0.04,,1.256,0.231,0.036000000000000004,1.747,0.033,0.431,0.112,1.1260000000000001,2.968,0.02,1.706,0.032,investor 10
1081.0,154547.41397345735,253356.94507305574,,7967.996316766185,43381.13795149736,283967.34887820174,5724.560067717866,306255.97657992464,23247.259090982127,89887.45728974543,8887.966194529947,3369.360742808338,513064.80850957555,0.04,,1.256,0.231,0.036000000000000004,1.747,0.033,0.431,0.112,1.1260000000000001,2.968,0.02,1.706,0.032,investor 10
1441.0000000000002,154547.41397345735,253356.94507305574,,7967.996316766185,43381.13795149736,283967.34887820174,5724.560067717866,306255.97657992464,23247.259090982127,89887.45728974543,8887.966194529947,3369.360742808338,513064.80850957555,0.04,,1.256,0.231,0.036000000000000004,1.747,0.033,0.431,0.112,1.1260000000000001,2.968,0.02,1.706,0.032,investor 10
