Time,Home Value,HEP Expectation,Investor Valuations,Valuation #1,Valuation #2,Valuation #3,Valuation #4,Valuation #5,Valuation #6,Valuation #7,Valuation #8,Valuation #9,Valuation #10,E.D.B.,Investor Bids,Bid #1,Bid #2,Bid #3,Bid #4,Bid #5,Bid #6,Bid #7,Bid #8,Bid #9,Bid #10,Reserve,Best Bid,Winning Bidder
0.0,234822.3813230141,545412.048643799,,77331.3846609351,58400.062567538174,5297.2904930886525,169120.26259679266,11568.998818739048,11078.090139502521,1030869.6859956523,219406.41999731943,64696.76232335053,61522.134026598644,0.019,,0.13,0.17200000000000001,1.8880000000000001,0.06,0.865,0.903,0.01,0.046,0.155,0.163,0.112,0.045,investor 7
1.0,234833.1843764558,545442.4661033064,,77352.49163078844,58448.71725491969,5302.037781567527,169254.7169932601,11575.55878017877,11080.496563243047,1031249.9250070793,219537.4004531252,64702.80767104755,61540.67378056196,0.019,,0.13,0.17200000000000001,1.887,0.06,0.864,0.903,0.01,0.046,0.155,0.163,0.112,0.045,investor 7
361.0,234833.1843764558,545442.4661033064,,77352.49163078844,58448.71725491969,5302.037781567527,169254.7169932601,11575.55878017877,11080.496563243047,1031249.9250070793,219537.4004531252,64702.80767104755,61540.67378056196,0.019,,0.13,0.17200000000000001,1.887,0.06,0.864,0.903,0.01,0.046,0.155,0.163,0.112,0.045,investor 7
721.0,234833.1843764558,545442.4661033064,,77352.49163078844,58448.71725491969,5302.037781567527,169254.7169932601,11575.55878017877,11080.496563243047,1031249.9250070793,219537.4004531252,64702.80767104755,61540.67378056196,0.019,,0.13,0.17200000000000001,1.887,0.06,0.864,0.903,0.01,0.046,0.155,0.163,0.112,0.045,investor 7
1081.0,234833.1843764558,545442.4661033064,,77352.49163078844,58448.71725491969,5302.037781567527,169254.7169932601,11575.55878017877,11080.496563243047,1031249.9250070793,219537.4004531252,64702.80767104755,61540.67378056196,0.019,,0.13,0.17200000000000001,1.887,0.06,0.864,0.903,0.01,0.046,0.155,0.163,0.112,0.045,investor 7
1441.0000000000002,234833.1843764558,545442.4661033064,,77352.49163078844,58448.71725491969,5302.037781567527,169254.7169932601,11575.55878017877,11080.496563243047,1031249.9250070793,219537.4004531252,64702.80767104755,61540.67378056196,0.019,,0.13,0.17200000000000001,1.887,0.06,0.864,0.903,0.01,0.046,0.155,0.163,0.112,0.045,investor 7
