Time,Home Value,HEP Expectation,Investor Valuations,Valuation #1,Valuation #2,Valuation #3,Valuation #4,Valuation #5,Valuation #6,Valuation #7,Valuation #8,Valuation #9,Valuation #10,E.D.B.,Investor Bids,Bid #1,Bid #2,Bid #3,Bid #4,Bid #5,Bid #6,Bid #7,Bid #8,Bid #9,Bid #10,Reserve,Best Bid,Winning Bidder
0.0,190560.20537163687,435428.80199524894,,13958.486764035824,136012.19147637373,294031.0444822368,249930.4113222409,72709.40378918094,6266.501260013748,67754.25162256669,28918.997181262293,275063.9378161447,41768.96153162206,0.023,,0.717,0.074,0.035,0.041,0.138,1.596,0.148,0.34600000000000003,0.037,0.24,0.085,0.036,investor 3
1.0,190497.95872688174,435271.62676748727,,13969.229288763046,136165.6876787186,294114.73633395496,250026.95157160138,72774.49695873196,6267.461360990063,67824.44231522834,28943.044968686147,275046.7037971693,41783.930834064,0.023,,0.716,0.074,0.035,0.04,0.138,1.596,0.148,0.34600000000000003,0.037,0.24,0.085,0.036,investor 3
361.0,190497.95872688174,435271.62676748727,,13969.229288763046,136165.6876787186,294114.73633395496,250026.95157160138,72774.49695873196,6267.461360990063,67824.44231522834,28943.044968686147,275046.7037971693,41783.930834064,0.023,,0.716,0.074,0.035,0.04,0.138,1.596,0.148,0.34600000000000003,0.037,0.24,0.085,0.036,investor 3
721.0,190497.95872688174,435271.62676748727,,13969.229288763046,136165.6876787186,294114.73633395496,250026.95157160138,72774.49695873196,6267.461360990063,67824.44231522834,28943.044968686147,275046.7037971693,41783.930834064,0.023,,0.716,0.074,0.035,0.04,0.138,1.596,0.148,0.34600000000000003,0.037,0.24,0.085,0.036,investor 3
1081.0,190497.95872688174,435271.62676748727,,13969.229288763046,136165.6876787186,294114.73633395496,250026.95157160138,72774.49695873196,6267.461360990063,67824.44231522834,28943.044968686147,275046.7037971693,41783.930834064,0.023,,0.716,0.074,0.035,0.04,0.138,1.596,0.148,0.34600000000000003,0.037,0.24,0.085,0.036,investor 3
1441.0000000000002,190497.95872688174,435271.62676748727,,13969.229288763046,136165.6876787186,294114.73633395496,250026.95157160138,72774.49695873196,6267.461360990063,67824.44231522834,28943.044968686147,275046.7037971693,41783.930834064,0.023,,0.716,0.074,0.035,0.04,0.138,1.596,0.148,0.34600000000000003,0.037,0.24,0.085,0.036,investor 3
