Time,Home Value,HEP Expectation,Investor Valuations,Valuation #1,Valuation #2,Valuation #3,Valuation #4,Valuation #5,Valuation #6,Valuation #7,Valuation #8,Valuation #9,Valuation #10,E.D.B.,Investor Bids,Bid #1,Bid #2,Bid #3,Bid #4,Bid #5,Bid #6,Bid #7,Bid #8,Bid #9,Bid #10,Reserve,Best Bid,Winning Bidder
0.0,261944.66055272007,583729.7609357905,,7059.53506418179,7115.667437589592,21.189936480731955,11385.043594145074,11750.794027766262,30765.65789680017,268620.51118402195,68654.36823364934,18169.880918532406,169442.87124098532,0.018000000000000002,,1.417,1.4060000000000001,471.923,0.879,0.852,0.326,0.038,0.146,0.551,0.06,0.064,0.059,investor 7
1.0,261714.85282746554,583155.8580017026,,7061.977634035076,7117.906135091315,21.19657972584126,11390.873342669607,11753.63584571743,30763.8346095509,268528.50839908613,68718.27178467733,18197.320267334788,169528.26719846966,0.018000000000000002,,1.417,1.405,471.77500000000003,0.878,0.851,0.326,0.038,0.146,0.55,0.059000000000000004,0.064,0.059,investor 7
361.0,261714.85282746554,583155.8580017026,,7061.977634035076,7117.906135091315,21.19657972584126,11390.873342669607,11753.63584571743,30763.8346095509,268528.50839908613,68718.27178467733,18197.320267334788,169528.26719846966,0.018000000000000002,,1.417,1.405,471.77500000000003,0.878,0.851,0.326,0.038,0.146,0.55,0.059000000000000004,0.064,0.059,investor 7
721.0,261714.85282746554,583155.8580017026,,7061.977634035076,7117.906135091315,21.19657972584126,11390.873342669607,11753.63584571743,30763.8346095509,268528.50839908613,68718.27178467733,18197.320267334788,169528.26719846966,0.018000000000000002,,1.417,1.405,471.77500000000003,0.878,0.851,0.326,0.038,0.146,0.55,0.059000000000000004,0.064,0.059,investor 7
1081.0,261714.85282746554,583155.8580017026,,7061.977634035076,7117.906135091315,21.19657972584126,11390.873342669607,11753.63584571743,30763.8346095509,268528.50839908613,68718.27178467733,18197.320267334788,169528.26719846966,0.018000000000000002,,1.417,1.405,471.77500000000003,0.878,0.851,0.326,0.038,0.146,0.55,0.059000000000000004,0.064,0.059,investor 7
1441.0000000000002,261714.85282746554,583155.8580017026,,7061.977634035076,7117.906135091315,21.19657972584126,11390.873342669607,11753.63584571743,30763.8346095509,268528.50839908613,68718.27178467733,18197.320267334788,169528.26719846966,0.018000000000000002,,1.417,1.405,471.77500000000003,0.878,0.851,0.326,0.038,0.146,0.55,0.059000000000000004,0.064,0.059,investor 7
