Time,Home Value,HEP Expectation,Investor Valuations,Valuation #1,Valuation #2,Valuation #3,Valuation #4,Valuation #5,Valuation #6,Valuation #7,Valuation #8,Valuation #9,Valuation #10,E.D.B.,Investor Bids,Bid #1,Bid #2,Bid #3,Bid #4,Bid #5,Bid #6,Bid #7,Bid #8,Bid #9,Bid #10,Reserve,Best Bid,Winning Bidder
0.0,250900.09659936698,424079.4237980686,,302623.1754975968,16990.562354533242,125107.95034277711,36406.565428681424,1701059.384997482,2376.3641545412256,49303.03254599199,775531.0031436794,1517.4747999342221,80775.61627130308,0.024,,0.034,0.589,0.08,0.275,0.006,4.2090000000000005,0.203,0.013000000000000001,6.59,0.124,0.111,0.012,investor 5
1.0,251511.66506059127,425414.19490949775,,302743.77959728363,17007.034992443878,125146.22037749754,36423.283927455115,1701200.0964734682,2377.0490815128805,49336.0318278189,775701.6651373437,1518.4156873622305,80799.03372208487,0.024,,0.034,0.588,0.08,0.275,0.006,4.207,0.203,0.013000000000000001,6.586,0.124,0.111,0.012,investor 5
361.0,251511.66506059127,425414.19490949775,,302743.77959728363,17007.034992443878,125146.22037749754,36423.283927455115,1701200.0964734682,2377.0490815128805,49336.0318278189,775701.6651373437,1518.4156873622305,80799.03372208487,0.024,,0.034,0.588,0.08,0.275,0.006,4.207,0.203,0.013000000000000001,6.586,0.124,0.111,0.012,investor 5
721.0,251511.66506059127,425414.19490949775,,302743.77959728363,17007.034992443878,125146.22037749754,36423.283927455115,1701200.0964734682,2377.0490815128805,49336.0318278189,775701.6651373437,1518.4156873622305,80799.03372208487,0.024,,0.034,0.588,0.08,0.275,0.006,4.207,0.203,0.013000000000000001,6.586,0.124,0.111,0.012,investor 5
1081.0,251511.66506059127,425414.19490949775,,302743.77959728363,17007.034992443878,125146.22037749754,36423.283927455115,1701200.0964734682,2377.0490815128805,49336.0318278189,775701.6651373437,1518.4156873622305,80799.03372208487,0.024,,0.034,0.588,0.08,0.275,0.006,4.207,0.203,0.013000000000000001,6.586,0.124,0.111,0.012,investor 5
1441.0000000000002,251511.66506059127,425414.19490949775,,302743.77959728363,17007.034992443878,125146.22037749754,36423.283927455115,1701200.0964734682,2377.0490815128805,49336.0318278189,775701.6651373437,1518.4156873622305,80799.03372208487,0.024,,0.034,0.588,0.08,0.275,0.006,4.207,0.203,0.013000000000000001,6.586,0.124,0.111,0.012,investor 5
