Time,Home Value,HEP Expectation,Investor Valuations,Valuation #1,Valuation #2,Valuation #3,Valuation #4,Valuation #5,Valuation #6,Valuation #7,Valuation #8,Valuation #9,Valuation #10,E.D.B.,Investor Bids,Bid #1,Bid #2,Bid #3,Bid #4,Bid #5,Bid #6,Bid #7,Bid #8,Bid #9,Bid #10,Reserve,Best Bid,Winning Bidder
0.0,165389.48637457093,264871.1070263899,,922372.7168240447,1384177.7162398493,159739.1069361023,18244.24082377044,1579.243563359024,17813.1975082,293554.91277996555,90947.11174384561,144928.04211398467,114312.77593226644,0.038,,0.011,0.008,0.063,0.549,6.333,0.562,0.035,0.11,0.069,0.088,0.367,0.009999999999999998,investor 2
1.0,165324.4401136956,264722.75560360635,,922409.5669348222,1384511.848628397,159877.63597163864,18258.54666273906,1580.8573925540109,17825.935580403264,293748.10421597806,91000.67992107311,144987.73205271782,114374.96986617142,0.038,,0.011,0.008,0.063,0.548,6.3260000000000005,0.561,0.035,0.11,0.069,0.088,0.367,0.009999999999999998,investor 2
361.0,165324.4401136956,264722.75560360635,,922409.5669348222,1384511.848628397,159877.63597163864,18258.54666273906,1580.8573925540109,17825.935580403264,293748.10421597806,91000.67992107311,144987.73205271782,114374.96986617142,0.038,,0.011,0.008,0.063,0.548,6.3260000000000005,0.561,0.035,0.11,0.069,0.088,0.367,0.009999999999999998,investor 2
721.0,165324.4401136956,264722.75560360635,,922409.5669348222,1384511.848628397,159877.63597163864,18258.54666273906,1580.8573925540109,17825.935580403264,293748.10421597806,91000.67992107311,144987.73205271782,114374.96986617142,0.038,,0.011,0.008,0.063,0.548,6.3260000000000005,0.561,0.035,0.11,0.069,0.088,0.367,0.009999999999999998,investor 2
1081.0,165324.4401136956,264722.75560360635,,922409.5669348222,1384511.848628397,159877.63597163864,18258.54666273906,1580.8573925540109,17825.935580403264,293748.10421597806,91000.67992107311,144987.73205271782,114374.96986617142,0.038,,0.011,0.008,0.063,0.548,6.3260000000000005,0.561,0.035,0.11,0.069,0.088,0.367,0.009999999999999998,investor 2
1441.0000000000002,165324.4401136956,264722.75560360635,,922409.5669348222,1384511.848628397,159877.63597163864,18258.54666273906,1580.8573925540109,17825.935580403264,293748.10421597806,91000.67992107311,144987.73205271782,114374.96986617142,0.038,,0.011,0.008,0.063,0.548,6.3260000000000005,0.561,0.035,0.11,0.069,0.088,0.367,0.009999999999999998,investor 2
