Time,Home Value,HEP Expectation,Investor Valuations,Valuation #1,Valuation #2,Valuation #3,Valuation #4,Valuation #5,Valuation #6,Valuation #7,Valuation #8,Valuation #9,Valuation #10,E.D.B.,Investor Bids,Bid #1,Bid #2,Bid #3,Bid #4,Bid #5,Bid #6,Bid #7,Bid #8,Bid #9,Bid #10,Reserve,Best Bid,Winning Bidder
0.0,122724.12486634623,220995.2418592697,,151094.89628194258,47386.96929859138,1171.957053999069,19917.48194870654,41395.09745132649,10629.537668094692,1074.7627722887266,1296.1907135898632,1932.0444454266722,24182.888731578998,0.046,,0.067,0.212,8.533,0.503,0.242,0.9410000000000001,9.305,7.715,5.176,0.41400000000000003,0.193,0.192,investor 1
1.0,122933.80869669816,221464.3844637979,,151180.3937758233,47433.066579534134,1173.2232303295614,19926.102879268026,41391.24533035077,10634.444379864999,1075.947285388377,1296.7817511977128,1933.0309079163558,24200.93063219579,0.046,,0.067,0.211,8.524000000000001,0.502,0.242,0.9410000000000001,9.295,7.712,5.174,0.41400000000000003,0.193,0.192,investor 1
361.0,122933.80869669816,221464.3844637979,,151180.3937758233,47433.066579534134,1173.2232303295614,19926.102879268026,41391.24533035077,10634.444379864999,1075.947285388377,1296.7817511977128,1933.0309079163558,24200.93063219579,0.046,,0.067,0.211,8.524000000000001,0.502,0.242,0.9410000000000001,9.295,7.712,5.174,0.41400000000000003,0.193,0.192,investor 1
721.0,122933.80869669816,221464.3844637979,,151180.3937758233,47433.066579534134,1173.2232303295614,19926.102879268026,41391.24533035077,10634.444379864999,1075.947285388377,1296.7817511977128,1933.0309079163558,24200.93063219579,0.046,,0.067,0.211,8.524000000000001,0.502,0.242,0.9410000000000001,9.295,7.712,5.174,0.41400000000000003,0.193,0.192,investor 1
1081.0,122933.80869669816,221464.3844637979,,151180.3937758233,47433.066579534134,1173.2232303295614,19926.102879268026,41391.24533035077,10634.444379864999,1075.947285388377,1296.7817511977128,1933.0309079163558,24200.93063219579,0.046,,0.067,0.211,8.524000000000001,0.502,0.242,0.9410000000000001,9.295,7.712,5.174,0.41400000000000003,0.193,0.192,investor 1
1441.0000000000002,122933.80869669816,221464.3844637979,,151180.3937758233,47433.066579534134,1173.2232303295614,19926.102879268026,41391.24533035077,10634.444379864999,1075.947285388377,1296.7817511977128,1933.0309079163558,24200.93063219579,0.046,,0.067,0.211,8.524000000000001,0.502,0.242,0.9410000000000001,9.295,7.712,5.174,0.41400000000000003,0.193,0.192,investor 1
