Time,Home Value,HEP Expectation,Investor Valuations,Valuation #1,Valuation #2,Valuation #3,Valuation #4,Valuation #5,Valuation #6,Valuation #7,Valuation #8,Valuation #9,Valuation #10,E.D.B.,Investor Bids,Bid #1,Bid #2,Bid #3,Bid #4,Bid #5,Bid #6,Bid #7,Bid #8,Bid #9,Bid #10,Reserve,Best Bid,Winning Bidder
0.0,239187.0770517552,487572.1418972092,,215837.36139314985,26238.44771158556,29869.620074065002,121354.0681822076,4375.2821518467335,186473.7368975787,142045.22735748705,13805.226138632033,6149.211747810109,236599.44558432105,0.021,,0.047,0.382,0.335,0.083,2.286,0.054,0.07100000000000001,0.725,1.627,0.043000000000000003,0.21,0.046,investor 10
1.0,238801.16298512998,486531.5408249476,,216136.95136761278,26273.985065108463,29900.007240605257,121477.08830473619,4378.8566076746365,186629.754039763,142154.67780557118,13817.39345656199,6146.453993877139,236773.79479270853,0.021,,0.047,0.381,0.335,0.083,2.2840000000000003,0.054,0.07100000000000001,0.724,1.627,0.043000000000000003,0.21,0.046,investor 10
361.0,238801.16298512998,486531.5408249476,,216136.95136761278,26273.985065108463,29900.007240605257,121477.08830473619,4378.8566076746365,186629.754039763,142154.67780557118,13817.39345656199,6146.453993877139,236773.79479270853,0.021,,0.047,0.381,0.335,0.083,2.2840000000000003,0.054,0.07100000000000001,0.724,1.627,0.043000000000000003,0.21,0.046,investor 10
721.0,238801.16298512998,486531.5408249476,,216136.95136761278,26273.985065108463,29900.007240605257,121477.08830473619,4378.8566076746365,186629.754039763,142154.67780557118,13817.39345656199,6146.453993877139,236773.79479270853,0.021,,0.047,0.381,0.335,0.083,2.2840000000000003,0.054,0.07100000000000001,0.724,1.627,0.043000000000000003,0.21,0.046,investor 10
1081.0,238801.16298512998,486531.5408249476,,216136.95136761278,26273.985065108463,29900.007240605257,121477.08830473619,4378.8566076746365,186629.754039763,142154.67780557118,13817.39345656199,6146.453993877139,236773.79479270853,0.021,,0.047,0.381,0.335,0.083,2.2840000000000003,0.054,0.07100000000000001,0.724,1.627,0.043000000000000003,0.21,0.046,investor 10
1441.0000000000002,238801.16298512998,486531.5408249476,,216136.95136761278,26273.985065108463,29900.007240605257,121477.08830473619,4378.8566076746365,186629.754039763,142154.67780557118,13817.39345656199,6146.453993877139,236773.79479270853,0.021,,0.047,0.381,0.335,0.083,2.2840000000000003,0.054,0.07100000000000001,0.724,1.627,0.043000000000000003,0.21,0.046,investor 10
