Time,Home Value,HEP Expectation,Investor Valuations,Valuation #1,Valuation #2,Valuation #3,Valuation #4,Valuation #5,Valuation #6,Valuation #7,Valuation #8,Valuation #9,Valuation #10,E.D.B.,Investor Bids,Bid #1,Bid #2,Bid #3,Bid #4,Bid #5,Bid #6,Bid #7,Bid #8,Bid #9,Bid #10,Reserve,Best Bid,Winning Bidder
0.0,317049.6062431042,415062.05162409483,,149132.7635625436,662096.4259471116,132965.06361313004,27226.958076819905,1147740.2789126423,28492.77891209416,54447.63346538643,196234.74208868394,2438848.615955311,3878.649883539164,0.025,,0.068,0.016,0.076,0.368,0.009000000000000001,0.35100000000000003,0.184,0.051000000000000004,0.005,2.579,0.274,0.008,investor 9
1.0,318124.63081938465,417273.8299156679,,149270.66482036628,661937.0728089489,133015.68599703474,27242.7398712935,1148249.8856111576,28502.007979389924,54511.43735746392,196354.9354573628,2438868.900372706,3879.931871894426,0.024,,0.067,0.016,0.076,0.368,0.009000000000000001,0.35100000000000003,0.184,0.051000000000000004,0.005,2.578,0.274,0.008,investor 9
361.0,318124.63081938465,417273.8299156679,,149270.66482036628,661937.0728089489,133015.68599703474,27242.7398712935,1148249.8856111576,28502.007979389924,54511.43735746392,196354.9354573628,2438868.900372706,3879.931871894426,0.024,,0.067,0.016,0.076,0.368,0.009000000000000001,0.35100000000000003,0.184,0.051000000000000004,0.005,2.578,0.274,0.008,investor 9
721.0,318124.63081938465,417273.8299156679,,149270.66482036628,661937.0728089489,133015.68599703474,27242.7398712935,1148249.8856111576,28502.007979389924,54511.43735746392,196354.9354573628,2438868.900372706,3879.931871894426,0.024,,0.067,0.016,0.076,0.368,0.009000000000000001,0.35100000000000003,0.184,0.051000000000000004,0.005,2.578,0.274,0.008,investor 9
1081.0,318124.63081938465,417273.8299156679,,149270.66482036628,661937.0728089489,133015.68599703474,27242.7398712935,1148249.8856111576,28502.007979389924,54511.43735746392,196354.9354573628,2438868.900372706,3879.931871894426,0.024,,0.067,0.016,0.076,0.368,0.009000000000000001,0.35100000000000003,0.184,0.051000000000000004,0.005,2.578,0.274,0.008,investor 9
1441.0000000000002,318124.63081938465,417273.8299156679,,149270.66482036628,661937.0728089489,133015.68599703474,27242.7398712935,1148249.8856111576,28502.007979389924,54511.43735746392,196354.9354573628,2438868.900372706,3879.931871894426,0.024,,0.067,0.016,0.076,0.368,0.009000000000000001,0.35100000000000003,0.184,0.051000000000000004,0.005,2.578,0.274,0.008,investor 9
