Time,Home Value,HEP Expectation,Investor Valuations,Valuation #1,Valuation #2,Valuation #3,Valuation #4,Valuation #5,Valuation #6,Valuation #7,Valuation #8,Valuation #9,Valuation #10,E.D.B.,Investor Bids,Bid #1,Bid #2,Bid #3,Bid #4,Bid #5,Bid #6,Bid #7,Bid #8,Bid #9,Bid #10,Reserve,Best Bid,Winning Bidder
0.0,394927.23410378746,1054902.9100368423,,205445.59602684766,43809.86304911409,712759.982025621,3002.688909958687,31979.85784251733,54812.694404888585,8839.403331919248,60464.44762738606,4594.897833858717,133083.2851970163,0.01,,0.049,0.229,0.015,3.331,0.313,0.183,1.1320000000000001,0.166,2.177,0.076,0.051000000000000004,0.048,investor 3
1.0,395503.29872447177,1056632.3850023428,,205599.63401007868,43845.7154927406,713745.421302305,3003.4007022717606,31999.33067886842,54819.701701424325,8838.536425850803,60506.30142534726,4594.925722861135,133168.3331684902,0.01,,0.049,0.229,0.015,3.33,0.313,0.183,1.1320000000000001,0.166,2.177,0.076,0.051000000000000004,0.048,investor 3
361.0,395503.29872447177,1056632.3850023428,,205599.63401007868,43845.7154927406,713745.421302305,3003.4007022717606,31999.33067886842,54819.701701424325,8838.536425850803,60506.30142534726,4594.925722861135,133168.3331684902,0.01,,0.049,0.229,0.015,3.33,0.313,0.183,1.1320000000000001,0.166,2.177,0.076,0.051000000000000004,0.048,investor 3
721.0,395503.29872447177,1056632.3850023428,,205599.63401007868,43845.7154927406,713745.421302305,3003.4007022717606,31999.33067886842,54819.701701424325,8838.536425850803,60506.30142534726,4594.925722861135,133168.3331684902,0.01,,0.049,0.229,0.015,3.33,0.313,0.183,1.1320000000000001,0.166,2.177,0.076,0.051000000000000004,0.048,investor 3
1081.0,395503.29872447177,1056632.3850023428,,205599.63401007868,43845.7154927406,713745.421302305,3003.4007022717606,31999.33067886842,54819.701701424325,8838.536425850803,60506.30142534726,4594.925722861135,133168.3331684902,0.01,,0.049,0.229,0.015,3.33,0.313,0.183,1.1320000000000001,0.166,2.177,0.076,0.051000000000000004,0.048,investor 3
1441.0000000000002,395503.29872447177,1056632.3850023428,,205599.63401007868,43845.7154927406,713745.421302305,3003.4007022717606,31999.33067886842,54819.701701424325,8838.536425850803,60506.30142534726,4594.925722861135,133168.3331684902,0.01,,0.049,0.229,0.015,3.33,0.313,0.183,1.1320000000000001,0.166,2.177,0.076,0.051000000000000004,0.048,investor 3
