Time,Home Value,HEP Expectation,Investor Valuations,Valuation #1,Valuation #2,Valuation #3,Valuation #4,Valuation #5,Valuation #6,Valuation #7,Valuation #8,Valuation #9,Valuation #10,E.D.B.,Investor Bids,Bid #1,Bid #2,Bid #3,Bid #4,Bid #5,Bid #6,Bid #7,Bid #8,Bid #9,Bid #10,Reserve,Best Bid,Winning Bidder
0.0,221197.42159826963,379938.7640206814,,9397.86965315072,2246.153751660848,29013.41791219192,10779.203218455077,102327.113838884,651931.3740088589,118744.84584434617,3356.9151841269986,35829.36226706836,63300.51553733597,0.027,,1.065,4.453,0.34500000000000003,0.928,0.098,0.016,0.085,2.979,0.28,0.158,0.08,0.079,investor 6
1.0,221027.11208153053,379594.85289178416,,9402.106824507247,2245.1194235753437,29044.641331959403,10789.180609467947,102394.30254224551,651864.1673048914,118846.82081629765,3357.083604693528,35844.877218062196,63283.26770901721,0.027,,1.064,4.455,0.34500000000000003,0.927,0.098,0.016,0.085,2.979,0.279,0.159,0.08,0.079,investor 6
361.0,221027.11208153053,379594.85289178416,,9402.106824507247,2245.1194235753437,29044.641331959403,10789.180609467947,102394.30254224551,651864.1673048914,118846.82081629765,3357.083604693528,35844.877218062196,63283.26770901721,0.027,,1.064,4.455,0.34500000000000003,0.927,0.098,0.016,0.085,2.979,0.279,0.159,0.08,0.079,investor 6
721.0,221027.11208153053,379594.85289178416,,9402.106824507247,2245.1194235753437,29044.641331959403,10789.180609467947,102394.30254224551,651864.1673048914,118846.82081629765,3357.083604693528,35844.877218062196,63283.26770901721,0.027,,1.064,4.455,0.34500000000000003,0.927,0.098,0.016,0.085,2.979,0.279,0.159,0.08,0.079,investor 6
1081.0,221027.11208153053,379594.85289178416,,9402.106824507247,2245.1194235753437,29044.641331959403,10789.180609467947,102394.30254224551,651864.1673048914,118846.82081629765,3357.083604693528,35844.877218062196,63283.26770901721,0.027,,1.064,4.455,0.34500000000000003,0.927,0.098,0.016,0.085,2.979,0.279,0.159,0.08,0.079,investor 6
1441.0000000000002,221027.11208153053,379594.85289178416,,9402.106824507247,2245.1194235753437,29044.641331959403,10789.180609467947,102394.30254224551,651864.1673048914,118846.82081629765,3357.083604693528,35844.877218062196,63283.26770901721,0.027,,1.064,4.455,0.34500000000000003,0.927,0.098,0.016,0.085,2.979,0.279,0.159,0.08,0.079,investor 6
