Time,Home Value,HEP Expectation,Investor Valuations,Valuation #1,Valuation #2,Valuation #3,Valuation #4,Valuation #5,Valuation #6,Valuation #7,Valuation #8,Valuation #9,Valuation #10,E.D.B.,Investor Bids,Bid #1,Bid #2,Bid #3,Bid #4,Bid #5,Bid #6,Bid #7,Bid #8,Bid #9,Bid #10,Reserve,Best Bid,Winning Bidder
0.0,224961.47209629958,514160.20552628173,,2093.032691866896,646946.7337336714,2360.6594288958727,43598.837427481,90708.97814666369,37600.99424258194,27364.4872019431,13115.810198721616,21354.470472789268,180742.37476217252,0.02,,4.7780000000000005,0.016,4.237,0.23,0.111,0.266,0.366,0.763,0.46900000000000003,0.056,0.165,0.055,investor 2
1.0,225382.70248559007,515362.3946785936,,2092.433166849752,647210.0429280183,2363.205612802124,43627.460229035394,90732.49686424491,37567.326566353324,27360.083434489417,13128.15766397707,21365.205342059195,180718.4757419523,0.02,,4.78,0.016,4.232,0.23,0.111,0.267,0.366,0.762,0.46900000000000003,0.056,0.165,0.055,investor 2
361.0,225382.70248559007,515362.3946785936,,2092.433166849752,647210.0429280183,2363.205612802124,43627.460229035394,90732.49686424491,37567.326566353324,27360.083434489417,13128.15766397707,21365.205342059195,180718.4757419523,0.02,,4.78,0.016,4.232,0.23,0.111,0.267,0.366,0.762,0.46900000000000003,0.056,0.165,0.055,investor 2
721.0,225382.70248559007,515362.3946785936,,2092.433166849752,647210.0429280183,2363.205612802124,43627.460229035394,90732.49686424491,37567.326566353324,27360.083434489417,13128.15766397707,21365.205342059195,180718.4757419523,0.02,,4.78,0.016,4.232,0.23,0.111,0.267,0.366,0.762,0.46900000000000003,0.056,0.165,0.055,investor 2
1081.0,225382.70248559007,515362.3946785936,,2092.433166849752,647210.0429280183,2363.205612802124,43627.460229035394,90732.49686424491,37567.326566353324,27360.083434489417,13128.15766397707,21365.205342059195,180718.4757419523,0.02,,4.78,0.016,4.232,0.23,0.111,0.267,0.366,0.762,0.46900000000000003,0.056,0.165,0.055,investor 2
1441.0000000000002,225382.70248559007,515362.3946785936,,2092.433166849752,647210.0429280183,2363.205612802124,43627.460229035394,90732.49686424491,37567.326566353324,27360.083434489417,13128.15766397707,21365.205342059195,180718.4757419523,0.02,,4.78,0.016,4.232,0.23,0.111,0.267,0.366,0.762,0.46900000000000003,0.056,0.165,0.055,investor 2
