Time,Home Value,HEP Expectation,Investor Valuations,Valuation #1,Valuation #2,Valuation #3,Valuation #4,Valuation #5,Valuation #6,Valuation #7,Valuation #8,Valuation #9,Valuation #10,E.D.B.,Investor Bids,Bid #1,Bid #2,Bid #3,Bid #4,Bid #5,Bid #6,Bid #7,Bid #8,Bid #9,Bid #10,Reserve,Best Bid,Winning Bidder
0.0,121493.36397522395,269550.5454363118,,55033.861259254394,255331.7748804028,5595.8582533407925,6903.077983942022,14541.90498656662,320481.58214034187,3950.6434587261983,52429.92089044236,239032.95878836972,144274.97253943118,0.038,,0.182,0.04,1.788,1.449,0.6880000000000001,0.032,2.532,0.191,0.042,0.07,0.135,0.039,investor 6
1.0,121787.28769535662,270288.7251614491,,55125.34100829805,255465.95791930569,5600.3919140115195,6904.261505856081,14548.698250522479,320658.05380671605,3952.2653639477585,52476.08980679947,239168.15515925112,144210.1298396647,0.037,,0.182,0.04,1.786,1.449,0.6880000000000001,0.032,2.531,0.191,0.042,0.07,0.135,0.039,investor 6
361.0,121787.28769535662,270288.7251614491,,55125.34100829805,255465.95791930569,5600.3919140115195,6904.261505856081,14548.698250522479,320658.05380671605,3952.2653639477585,52476.08980679947,239168.15515925112,144210.1298396647,0.037,,0.182,0.04,1.786,1.449,0.6880000000000001,0.032,2.531,0.191,0.042,0.07,0.135,0.039,investor 6
721.0,121787.28769535662,270288.7251614491,,55125.34100829805,255465.95791930569,5600.3919140115195,6904.261505856081,14548.698250522479,320658.05380671605,3952.2653639477585,52476.08980679947,239168.15515925112,144210.1298396647,0.037,,0.182,0.04,1.786,1.449,0.6880000000000001,0.032,2.531,0.191,0.042,0.07,0.135,0.039,investor 6
1081.0,121787.28769535662,270288.7251614491,,55125.34100829805,255465.95791930569,5600.3919140115195,6904.261505856081,14548.698250522479,320658.05380671605,3952.2653639477585,52476.08980679947,239168.15515925112,144210.1298396647,0.037,,0.182,0.04,1.786,1.449,0.6880000000000001,0.032,2.531,0.191,0.042,0.07,0.135,0.039,investor 6
1441.0000000000002,121787.28769535662,270288.7251614491,,55125.34100829805,255465.95791930569,5600.3919140115195,6904.261505856081,14548.698250522479,320658.05380671605,3952.2653639477585,52476.08980679947,239168.15515925112,144210.1298396647,0.037,,0.182,0.04,1.786,1.449,0.6880000000000001,0.032,2.531,0.191,0.042,0.07,0.135,0.039,investor 6
