Time,Home Value,HEP Expectation,Investor Valuations,Valuation #1,Valuation #2,Valuation #3,Valuation #4,Valuation #5,Valuation #6,Valuation #7,Valuation #8,Valuation #9,Valuation #10,E.D.B.,Investor Bids,Bid #1,Bid #2,Bid #3,Bid #4,Bid #5,Bid #6,Bid #7,Bid #8,Bid #9,Bid #10,Reserve,Best Bid,Winning Bidder
0.0,278102.6512975229,705518.6306060136,,15707.638387004556,49922.083917606826,308671.8684782806,530114.759954111,302754.2341731475,9614.578754673812,18954.46825950034,677762.9039028734,9951.14180841502,7027.680154314094,0.015,,0.637,0.201,0.033,0.019,0.034,1.041,0.528,0.015,1.0050000000000001,,0.08,0.018,investor 8
1.0,278361.6259408474,706285.6869033191,,15717.403504328608,49983.52073786124,308881.44203061727,530310.6079322196,302810.1242675664,9618.325016369174,18982.22562295206,678103.6074669216,9952.108215661638,7030.797514829209,0.015,,0.637,0.201,0.033,0.019,0.034,1.04,0.527,0.015,1.0050000000000001,,0.08,0.018,investor 8
361.0,278361.6259408474,706285.6869033191,,15717.403504328608,49983.52073786124,308881.44203061727,530310.6079322196,302810.1242675664,9618.325016369174,18982.22562295206,678103.6074669216,9952.108215661638,7030.797514829209,0.015,,0.637,0.201,0.033,0.019,0.034,1.04,0.527,0.015,1.0050000000000001,,0.08,0.018,investor 8
721.0,278361.6259408474,706285.6869033191,,15717.403504328608,49983.52073786124,308881.44203061727,530310.6079322196,302810.1242675664,9618.325016369174,18982.22562295206,678103.6074669216,9952.108215661638,7030.797514829209,0.015,,0.637,0.201,0.033,0.019,0.034,1.04,0.527,0.015,1.0050000000000001,,0.08,0.018,investor 8
1081.0,278361.6259408474,706285.6869033191,,15717.403504328608,49983.52073786124,308881.44203061727,530310.6079322196,302810.1242675664,9618.325016369174,18982.22562295206,678103.6074669216,9952.108215661638,7030.797514829209,0.015,,0.637,0.201,0.033,0.019,0.034,1.04,0.527,0.015,1.0050000000000001,,0.08,0.018,investor 8
1441.0000000000002,278361.6259408474,706285.6869033191,,15717.403504328608,49983.52073786124,308881.44203061727,530310.6079322196,302810.1242675664,9618.325016369174,18982.22562295206,678103.6074669216,9952.108215661638,7030.797514829209,0.015,,0.637,0.201,0.033,0.019,0.034,1.04,0.527,0.015,1.0050000000000001,,0.08,0.018,investor 8
