Time,Home Value,HEP Expectation,Investor Valuations,Valuation #1,Valuation #2,Valuation #3,Valuation #4,Valuation #5,Valuation #6,Valuation #7,Valuation #8,Valuation #9,Valuation #10,E.D.B.,Investor Bids,Bid #1,Bid #2,Bid #3,Bid #4,Bid #5,Bid #6,Bid #7,Bid #8,Bid #9,Bid #10,Reserve,Best Bid,Winning Bidder
0.0,280750.3178132094,610644.8304211379,,44150.17318640549,10537.969198505401,318762.3780118039,47610.0416484053,1389863.9086385008,108865.86549936864,80182.03480163387,20005.203645160243,42553.32031267066,56728.318676964656,0.017,,0.227,0.9490000000000001,0.032,0.211,0.008,0.092,0.125,0.5,0.23500000000000001,0.177,0.095,0.031,investor 5
1.0,281003.05749083596,611312.8905050701,,44144.40422889514,10545.083593842146,318978.4389774836,47668.67346362045,1390128.7482223618,108904.54377850801,80197.52767776616,20016.902853510786,42579.95736002346,56716.828698829995,0.017,,0.227,0.9490000000000001,0.032,0.21,0.008,0.092,0.125,0.5,0.23500000000000001,0.177,0.095,0.031,investor 5
361.0,281003.05749083596,611312.8905050701,,44144.40422889514,10545.083593842146,318978.4389774836,47668.67346362045,1390128.7482223618,108904.54377850801,80197.52767776616,20016.902853510786,42579.95736002346,56716.828698829995,0.017,,0.227,0.9490000000000001,0.032,0.21,0.008,0.092,0.125,0.5,0.23500000000000001,0.177,0.095,0.031,investor 5
721.0,281003.05749083596,611312.8905050701,,44144.40422889514,10545.083593842146,318978.4389774836,47668.67346362045,1390128.7482223618,108904.54377850801,80197.52767776616,20016.902853510786,42579.95736002346,56716.828698829995,0.017,,0.227,0.9490000000000001,0.032,0.21,0.008,0.092,0.125,0.5,0.23500000000000001,0.177,0.095,0.031,investor 5
1081.0,281003.05749083596,611312.8905050701,,44144.40422889514,10545.083593842146,318978.4389774836,47668.67346362045,1390128.7482223618,108904.54377850801,80197.52767776616,20016.902853510786,42579.95736002346,56716.828698829995,0.017,,0.227,0.9490000000000001,0.032,0.21,0.008,0.092,0.125,0.5,0.23500000000000001,0.177,0.095,0.031,investor 5
1441.0000000000002,281003.05749083596,611312.8905050701,,44144.40422889514,10545.083593842146,318978.4389774836,47668.67346362045,1390128.7482223618,108904.54377850801,80197.52767776616,20016.902853510786,42579.95736002346,56716.828698829995,0.017,,0.227,0.9490000000000001,0.032,0.21,0.008,0.092,0.125,0.5,0.23500000000000001,0.177,0.095,0.031,investor 5
