Time,Home Value,HEP Expectation,Investor Valuations,Valuation #1,Valuation #2,Valuation #3,Valuation #4,Valuation #5,Valuation #6,Valuation #7,Valuation #8,Valuation #9,Valuation #10,E.D.B.,Investor Bids,Bid #1,Bid #2,Bid #3,Bid #4,Bid #5,Bid #6,Bid #7,Bid #8,Bid #9,Bid #10,Reserve,Best Bid,Winning Bidder
0.0,80345.37905941364,177322.5493911257,,146145.28994535058,778862.2920508108,1272.1195347460841,28598.03550651106,354898.16984196234,18044.88232952837,24859.344071542928,37606.77299685626,32584.782244480477,544.2102346576737,0.057,,0.069,0.013000000000000001,7.861,0.35000000000000003,0.029,0.555,0.403,0.266,0.307,18.376,0.428,0.028,investor 2
1.0,80171.9993168786,176843.4918285383,,146328.34215403008,778865.7209432125,1273.5874936169673,28631.318032266983,354892.5745979324,18046.977290305116,24879.556308949195,37598.116657466504,32587.61445807571,544.33870818758,0.057,,0.069,0.013000000000000001,7.852,0.35000000000000003,0.029,0.555,0.402,0.266,0.307,18.371,0.428,0.028,investor 2
361.0,80171.9993168786,176843.4918285383,,146328.34215403008,778865.7209432125,1273.5874936169673,28631.318032266983,354892.5745979324,18046.977290305116,24879.556308949195,37598.116657466504,32587.61445807571,544.33870818758,0.057,,0.069,0.013000000000000001,7.852,0.35000000000000003,0.029,0.555,0.402,0.266,0.307,18.371,0.428,0.028,investor 2
721.0,80171.9993168786,176843.4918285383,,146328.34215403008,778865.7209432125,1273.5874936169673,28631.318032266983,354892.5745979324,18046.977290305116,24879.556308949195,37598.116657466504,32587.61445807571,544.33870818758,0.057,,0.069,0.013000000000000001,7.852,0.35000000000000003,0.029,0.555,0.402,0.266,0.307,18.371,0.428,0.028,investor 2
1081.0,80171.9993168786,176843.4918285383,,146328.34215403008,778865.7209432125,1273.5874936169673,28631.318032266983,354892.5745979324,18046.977290305116,24879.556308949195,37598.116657466504,32587.61445807571,544.33870818758,0.057,,0.069,0.013000000000000001,7.852,0.35000000000000003,0.029,0.555,0.402,0.266,0.307,18.371,0.428,0.028,investor 2
1441.0000000000002,80171.9993168786,176843.4918285383,,146328.34215403008,778865.7209432125,1273.5874936169673,28631.318032266983,354892.5745979324,18046.977290305116,24879.556308949195,37598.116657466504,32587.61445807571,544.33870818758,0.057,,0.069,0.013000000000000001,7.852,0.35000000000000003,0.029,0.555,0.402,0.266,0.307,18.371,0.428,0.028,investor 2
