Time,Home Value,HEP Expectation,Investor Valuations,Valuation #1,Valuation #2,Valuation #3,Valuation #4,Valuation #5,Valuation #6,Valuation #7,Valuation #8,Valuation #9,Valuation #10,E.D.B.,Investor Bids,Bid #1,Bid #2,Bid #3,Bid #4,Bid #5,Bid #6,Bid #7,Bid #8,Bid #9,Bid #10,Reserve,Best Bid,Winning Bidder
0.0,201656.2064992127,346147.4668086233,,92.76407207997828,43416.45302624471,198049.44063537102,43763.56530024643,1121588.5166214334,168207.0856484522,54439.13194205493,107353.28747330637,5189.434980900237,645063.6057434742,0.029,,107.801,0.231,0.051000000000000004,0.229,0.009000000000000001,0.06,0.184,0.094,1.927,0.016,0.267,0.015,investor 5
1.0,201571.481446254,345946.2555846689,,92.80360802472666,43440.14433663428,198059.62188182224,43761.98851652699,1121743.9643905242,168180.25922086308,54478.47907468545,107451.98968677668,5195.464834312886,645583.0681491639,0.029,,107.755,0.231,0.051000000000000004,0.229,0.009000000000000001,0.06,0.184,0.094,1.925,0.016,0.267,0.015,investor 5
361.0,201571.481446254,345946.2555846689,,92.80360802472666,43440.14433663428,198059.62188182224,43761.98851652699,1121743.9643905242,168180.25922086308,54478.47907468545,107451.98968677668,5195.464834312886,645583.0681491639,0.029,,107.755,0.231,0.051000000000000004,0.229,0.009000000000000001,0.06,0.184,0.094,1.925,0.016,0.267,0.015,investor 5
721.0,201571.481446254,345946.2555846689,,92.80360802472666,43440.14433663428,198059.62188182224,43761.98851652699,1121743.9643905242,168180.25922086308,54478.47907468545,107451.98968677668,5195.464834312886,645583.0681491639,0.029,,107.755,0.231,0.051000000000000004,0.229,0.009000000000000001,0.06,0.184,0.094,1.925,0.016,0.267,0.015,investor 5
1081.0,201571.481446254,345946.2555846689,,92.80360802472666,43440.14433663428,198059.62188182224,43761.98851652699,1121743.9643905242,168180.25922086308,54478.47907468545,107451.98968677668,5195.464834312886,645583.0681491639,0.029,,107.755,0.231,0.051000000000000004,0.229,0.009000000000000001,0.06,0.184,0.094,1.925,0.016,0.267,0.015,investor 5
1441.0000000000002,201571.481446254,345946.2555846689,,92.80360802472666,43440.14433663428,198059.62188182224,43761.98851652699,1121743.9643905242,168180.25922086308,54478.47907468545,107451.98968677668,5195.464834312886,645583.0681491639,0.029,,107.755,0.231,0.051000000000000004,0.229,0.009000000000000001,0.06,0.184,0.094,1.925,0.016,0.267,0.015,investor 5
