Time,Home Value,HEP Expectation,Investor Valuations,Valuation #1,Valuation #2,Valuation #3,Valuation #4,Valuation #5,Valuation #6,Valuation #7,Valuation #8,Valuation #9,Valuation #10,E.D.B.,Investor Bids,Bid #1,Bid #2,Bid #3,Bid #4,Bid #5,Bid #6,Bid #7,Bid #8,Bid #9,Bid #10,Reserve,Best Bid,Winning Bidder
0.0,169822.2119265194,341319.6387205197,,86874.22558210797,164649.44999662088,7937.513839804029,50751.09272651727,9475.706185242316,720067.1937779507,44877.31558076259,266396.1774945285,147594.34610529398,369230.740880406,0.03,,0.116,0.061,1.26,0.198,1.056,0.014,0.223,0.038,0.068,0.028,0.196,0.027,investor 6
1.0,170023.07952412567,341836.5000293388,,86975.23367862016,164734.51405068533,7942.963674990065,50779.12492755501,9480.607310989524,720437.4419325386,44880.28317245292,266688.39774375496,147692.43861724762,369584.7696401863,0.03,,0.115,0.061,1.2590000000000001,0.197,1.055,0.014,0.223,0.038,0.068,0.028,0.196,0.027,investor 6
361.0,170023.07952412567,341836.5000293388,,86975.23367862016,164734.51405068533,7942.963674990065,50779.12492755501,9480.607310989524,720437.4419325386,44880.28317245292,266688.39774375496,147692.43861724762,369584.7696401863,0.03,,0.115,0.061,1.2590000000000001,0.197,1.055,0.014,0.223,0.038,0.068,0.028,0.196,0.027,investor 6
721.0,170023.07952412567,341836.5000293388,,86975.23367862016,164734.51405068533,7942.963674990065,50779.12492755501,9480.607310989524,720437.4419325386,44880.28317245292,266688.39774375496,147692.43861724762,369584.7696401863,0.03,,0.115,0.061,1.2590000000000001,0.197,1.055,0.014,0.223,0.038,0.068,0.028,0.196,0.027,investor 6
1081.0,170023.07952412567,341836.5000293388,,86975.23367862016,164734.51405068533,7942.963674990065,50779.12492755501,9480.607310989524,720437.4419325386,44880.28317245292,266688.39774375496,147692.43861724762,369584.7696401863,0.03,,0.115,0.061,1.2590000000000001,0.197,1.055,0.014,0.223,0.038,0.068,0.028,0.196,0.027,investor 6
1441.0000000000002,170023.07952412567,341836.5000293388,,86975.23367862016,164734.51405068533,7942.963674990065,50779.12492755501,9480.607310989524,720437.4419325386,44880.28317245292,266688.39774375496,147692.43861724762,369584.7696401863,0.03,,0.115,0.061,1.2590000000000001,0.197,1.055,0.014,0.223,0.038,0.068,0.028,0.196,0.027,investor 6
