Time,Home Value,HEP Expectation,Investor Valuations,Valuation #1,Valuation #2,Valuation #3,Valuation #4,Valuation #5,Valuation #6,Valuation #7,Valuation #8,Valuation #9,Valuation #10,E.D.B.,Investor Bids,Bid #1,Bid #2,Bid #3,Bid #4,Bid #5,Bid #6,Bid #7,Bid #8,Bid #9,Bid #10,Reserve,Best Bid,Winning Bidder
0.0,51932.848272462244,107789.20831308904,,51221.18755284079,6514.44122942839,2533.6434147047553,28013.00155693641,232332.3740572212,251050.4912153801,28936.990694848922,436454.63534680876,131.03711141077898,1312.9358720862276,0.093,,0.196,1.536,3.947,0.357,0.044,0.04,0.34600000000000003,0.023,76.315,,0.811,0.039,investor 8
1.0,52033.36907525491,108055.87363624416,,51274.34693341824,6524.91597321099,2534.155306279395,28012.04678839614,232472.52162770458,251161.15469766507,28964.96090451096,436496.176023312,131.2327252679288,1314.1044606285425,0.093,,0.196,1.5330000000000001,3.947,0.357,0.044,0.04,0.34600000000000003,0.023,76.20100000000001,,0.811,0.039,investor 8
361.0,52033.36907525491,108055.87363624416,,51274.34693341824,6524.91597321099,2534.155306279395,28012.04678839614,232472.52162770458,251161.15469766507,28964.96090451096,436496.176023312,131.2327252679288,1314.1044606285425,0.093,,0.196,1.5330000000000001,3.947,0.357,0.044,0.04,0.34600000000000003,0.023,76.20100000000001,,0.811,0.039,investor 8
721.0,52033.36907525491,108055.87363624416,,51274.34693341824,6524.91597321099,2534.155306279395,28012.04678839614,232472.52162770458,251161.15469766507,28964.96090451096,436496.176023312,131.2327252679288,1314.1044606285425,0.093,,0.196,1.5330000000000001,3.947,0.357,0.044,0.04,0.34600000000000003,0.023,76.20100000000001,,0.811,0.039,investor 8
1081.0,52033.36907525491,108055.87363624416,,51274.34693341824,6524.91597321099,2534.155306279395,28012.04678839614,232472.52162770458,251161.15469766507,28964.96090451096,436496.176023312,131.2327252679288,1314.1044606285425,0.093,,0.196,1.5330000000000001,3.947,0.357,0.044,0.04,0.34600000000000003,0.023,76.20100000000001,,0.811,0.039,investor 8
1441.0000000000002,52033.36907525491,108055.87363624416,,51274.34693341824,6524.91597321099,2534.155306279395,28012.04678839614,232472.52162770458,251161.15469766507,28964.96090451096,436496.176023312,131.2327252679288,1314.1044606285425,0.093,,0.196,1.5330000000000001,3.947,0.357,0.044,0.04,0.34600000000000003,0.023,76.20100000000001,,0.811,0.039,investor 8
