Time,Home Value,HEP Expectation,Investor Valuations,Valuation #1,Valuation #2,Valuation #3,Valuation #4,Valuation #5,Valuation #6,Valuation #7,Valuation #8,Valuation #9,Valuation #10,E.D.B.,Investor Bids,Bid #1,Bid #2,Bid #3,Bid #4,Bid #5,Bid #6,Bid #7,Bid #8,Bid #9,Bid #10,Reserve,Best Bid,Winning Bidder
0.0,101671.19370189363,206740.37382173297,,85439.08088242702,14842.323441884748,43292.47641795706,52868.85267167678,7300.070974598125,44244.35188164185,89638.11643360509,74310.6508435397,3839.876275233979,50874.020466488684,0.049,,0.11800000000000001,0.674,0.231,0.19,1.37,0.227,0.112,0.135,2.605,0.197,0.215,0.117,investor 7
1.0,101848.12122281265,207172.8296391907,,85503.77359404205,14843.536199661303,43344.40031015039,52855.925134026926,7308.0061765032715,44270.806962402894,89644.37055265826,74339.83349858396,3843.606050827091,50905.021938844526,0.049,,0.117,0.674,0.231,0.19,1.369,0.226,0.112,0.135,2.602,0.197,0.215,0.117,investor 7
361.0,101848.12122281265,207172.8296391907,,85503.77359404205,14843.536199661303,43344.40031015039,52855.925134026926,7308.0061765032715,44270.806962402894,89644.37055265826,74339.83349858396,3843.606050827091,50905.021938844526,0.049,,0.117,0.674,0.231,0.19,1.369,0.226,0.112,0.135,2.602,0.197,0.215,0.117,investor 7
721.0,101848.12122281265,207172.8296391907,,85503.77359404205,14843.536199661303,43344.40031015039,52855.925134026926,7308.0061765032715,44270.806962402894,89644.37055265826,74339.83349858396,3843.606050827091,50905.021938844526,0.049,,0.117,0.674,0.231,0.19,1.369,0.226,0.112,0.135,2.602,0.197,0.215,0.117,investor 7
1081.0,101848.12122281265,207172.8296391907,,85503.77359404205,14843.536199661303,43344.40031015039,52855.925134026926,7308.0061765032715,44270.806962402894,89644.37055265826,74339.83349858396,3843.606050827091,50905.021938844526,0.049,,0.117,0.674,0.231,0.19,1.369,0.226,0.112,0.135,2.602,0.197,0.215,0.117,investor 7
1441.0000000000002,101848.12122281265,207172.8296391907,,85503.77359404205,14843.536199661303,43344.40031015039,52855.925134026926,7308.0061765032715,44270.806962402894,89644.37055265826,74339.83349858396,3843.606050827091,50905.021938844526,0.049,,0.117,0.674,0.231,0.19,1.369,0.226,0.112,0.135,2.602,0.197,0.215,0.117,investor 7
