Time,Home Value,HEP Expectation,Investor Valuations,Valuation #1,Valuation #2,Valuation #3,Valuation #4,Valuation #5,Valuation #6,Valuation #7,Valuation #8,Valuation #9,Valuation #10,E.D.B.,Investor Bids,Bid #1,Bid #2,Bid #3,Bid #4,Bid #5,Bid #6,Bid #7,Bid #8,Bid #9,Bid #10,Reserve,Best Bid,Winning Bidder
0.0,356780.30982845335,837748.9169119057,,2628.1165608607125,960930.7526436809,183932.53826244737,1695.621374929379,1136725.3532233434,28286.62835258896,10627.7537766991,33744.36556725038,348642.1087860413,23328.024642152253,0.012,,3.806,0.011,0.055,5.898,0.009000000000000001,0.354,0.9410000000000001,0.297,0.029,0.429,0.078,0.009999999999999998,investor 5
1.0,357626.76936646696,840155.6785953513,,2630.5358510023575,960978.2597183301,183984.87570048415,1697.4389544009457,1137791.2189700808,28303.67289267213,10632.343986271886,33740.16385866868,348650.92693076015,23348.7122719888,0.012,,3.802,0.011,0.055,5.892,0.009000000000000001,0.354,0.9410000000000001,0.297,0.029,0.429,0.078,0.009999999999999998,investor 5
361.0,357626.76936646696,840155.6785953513,,2630.5358510023575,960978.2597183301,183984.87570048415,1697.4389544009457,1137791.2189700808,28303.67289267213,10632.343986271886,33740.16385866868,348650.92693076015,23348.7122719888,0.012,,3.802,0.011,0.055,5.892,0.009000000000000001,0.354,0.9410000000000001,0.297,0.029,0.429,0.078,0.009999999999999998,investor 5
721.0,357626.76936646696,840155.6785953513,,2630.5358510023575,960978.2597183301,183984.87570048415,1697.4389544009457,1137791.2189700808,28303.67289267213,10632.343986271886,33740.16385866868,348650.92693076015,23348.7122719888,0.012,,3.802,0.011,0.055,5.892,0.009000000000000001,0.354,0.9410000000000001,0.297,0.029,0.429,0.078,0.009999999999999998,investor 5
1081.0,357626.76936646696,840155.6785953513,,2630.5358510023575,960978.2597183301,183984.87570048415,1697.4389544009457,1137791.2189700808,28303.67289267213,10632.343986271886,33740.16385866868,348650.92693076015,23348.7122719888,0.012,,3.802,0.011,0.055,5.892,0.009000000000000001,0.354,0.9410000000000001,0.297,0.029,0.429,0.078,0.009999999999999998,investor 5
1441.0000000000002,357626.76936646696,840155.6785953513,,2630.5358510023575,960978.2597183301,183984.87570048415,1697.4389544009457,1137791.2189700808,28303.67289267213,10632.343986271886,33740.16385866868,348650.92693076015,23348.7122719888,0.012,,3.802,0.011,0.055,5.892,0.009000000000000001,0.354,0.9410000000000001,0.297,0.029,0.429,0.078,0.009999999999999998,investor 5
