Time,Home Value,HEP Expectation,Investor Valuations,Valuation #1,Valuation #2,Valuation #3,Valuation #4,Valuation #5,Valuation #6,Valuation #7,Valuation #8,Valuation #9,Valuation #10,E.D.B.,Investor Bids,Bid #1,Bid #2,Bid #3,Bid #4,Bid #5,Bid #6,Bid #7,Bid #8,Bid #9,Bid #10,Reserve,Best Bid,Winning Bidder
0.0,143487.02298546172,276410.9755177945,,954.5114026424354,273933.0058457975,31296.697586294493,6616.071478699473,40271.330832443426,23012.750438500072,89527.24877274637,114619.00610797406,38485.98705940835,1842.0721136182808,0.037,,10.477,0.037,0.32,1.512,0.249,0.435,0.112,0.088,0.26,5.429,0.13,0.087,investor 2
1.0,143318.65617679086,276033.26981952455,,955.6486822977967,274048.6557496813,31306.344599571246,6619.825137061416,40303.19880290483,23030.996111897573,89565.47068604393,114677.71174730743,38526.2866919234,1841.8591495614742,0.037,,10.465,0.037,0.32,1.5110000000000001,0.249,0.435,0.112,0.088,0.26,5.43,0.13,0.087,investor 2
361.0,143318.65617679086,276033.26981952455,,955.6486822977967,274048.6557496813,31306.344599571246,6619.825137061416,40303.19880290483,23030.996111897573,89565.47068604393,114677.71174730743,38526.2866919234,1841.8591495614742,0.037,,10.465,0.037,0.32,1.5110000000000001,0.249,0.435,0.112,0.088,0.26,5.43,0.13,0.087,investor 2
721.0,143318.65617679086,276033.26981952455,,955.6486822977967,274048.6557496813,31306.344599571246,6619.825137061416,40303.19880290483,23030.996111897573,89565.47068604393,114677.71174730743,38526.2866919234,1841.8591495614742,0.037,,10.465,0.037,0.32,1.5110000000000001,0.249,0.435,0.112,0.088,0.26,5.43,0.13,0.087,investor 2
1081.0,143318.65617679086,276033.26981952455,,955.6486822977967,274048.6557496813,31306.344599571246,6619.825137061416,40303.19880290483,23030.996111897573,89565.47068604393,114677.71174730743,38526.2866919234,1841.8591495614742,0.037,,10.465,0.037,0.32,1.5110000000000001,0.249,0.435,0.112,0.088,0.26,5.43,0.13,0.087,investor 2
1441.0000000000002,143318.65617679086,276033.26981952455,,955.6486822977967,274048.6557496813,31306.344599571246,6619.825137061416,40303.19880290483,23030.996111897573,89565.47068604393,114677.71174730743,38526.2866919234,1841.8591495614742,0.037,,10.465,0.037,0.32,1.5110000000000001,0.249,0.435,0.112,0.088,0.26,5.43,0.13,0.087,investor 2
