Time,Home Value,HEP Expectation,Investor Valuations,Valuation #1,Valuation #2,Valuation #3,Valuation #4,Valuation #5,Valuation #6,Valuation #7,Valuation #8,Valuation #9,Valuation #10,E.D.B.,Investor Bids,Bid #1,Bid #2,Bid #3,Bid #4,Bid #5,Bid #6,Bid #7,Bid #8,Bid #9,Bid #10,Reserve,Best Bid,Winning Bidder
0.0,194148.6169874305,387598.98997581704,,20758.532984810423,99227.81090900213,204429.40569694832,935952.0783960317,70558.02892675823,19357.27933071154,207419.99603066288,19591.74171732995,58562.15988176789,222470.40624595014,0.026000000000000002,,0.482,0.101,0.049,0.011,0.14200000000000002,0.517,0.049,0.511,0.171,0.045,0.082,0.044,investor 4
1.0,193587.2902454173,386351.8196509843,,20770.673011743143,99311.90674642443,204348.17057068064,936499.6301687253,70577.51812979438,19368.08944922731,207420.49194264194,19593.083819158524,58612.52027798876,222666.82166673217,0.026000000000000002,,0.482,0.101,0.049,0.011,0.14200000000000002,0.517,0.049,0.511,0.171,0.045,0.082,0.044,investor 4
361.0,193587.2902454173,386351.8196509843,,20770.673011743143,99311.90674642443,204348.17057068064,936499.6301687253,70577.51812979438,19368.08944922731,207420.49194264194,19593.083819158524,58612.52027798876,222666.82166673217,0.026000000000000002,,0.482,0.101,0.049,0.011,0.14200000000000002,0.517,0.049,0.511,0.171,0.045,0.082,0.044,investor 4
721.0,193587.2902454173,386351.8196509843,,20770.673011743143,99311.90674642443,204348.17057068064,936499.6301687253,70577.51812979438,19368.08944922731,207420.49194264194,19593.083819158524,58612.52027798876,222666.82166673217,0.026000000000000002,,0.482,0.101,0.049,0.011,0.14200000000000002,0.517,0.049,0.511,0.171,0.045,0.082,0.044,investor 4
1081.0,193587.2902454173,386351.8196509843,,20770.673011743143,99311.90674642443,204348.17057068064,936499.6301687253,70577.51812979438,19368.08944922731,207420.49194264194,19593.083819158524,58612.52027798876,222666.82166673217,0.026000000000000002,,0.482,0.101,0.049,0.011,0.14200000000000002,0.517,0.049,0.511,0.171,0.045,0.082,0.044,investor 4
1441.0000000000002,193587.2902454173,386351.8196509843,,20770.673011743143,99311.90674642443,204348.17057068064,936499.6301687253,70577.51812979438,19368.08944922731,207420.49194264194,19593.083819158524,58612.52027798876,222666.82166673217,0.026000000000000002,,0.482,0.101,0.049,0.011,0.14200000000000002,0.517,0.049,0.511,0.171,0.045,0.082,0.044,investor 4
