Time,Home Value,HEP Expectation,Investor Valuations,Valuation #1,Valuation #2,Valuation #3,Valuation #4,Valuation #5,Valuation #6,Valuation #7,Valuation #8,Valuation #9,Valuation #10,E.D.B.,Investor Bids,Bid #1,Bid #2,Bid #3,Bid #4,Bid #5,Bid #6,Bid #7,Bid #8,Bid #9,Bid #10,Reserve,Best Bid,Winning Bidder
0.0,354829.11787434167,582356.0045898195,,68016.11484865358,91988.87723188679,6771.918173798531,361209.651296754,920792.1557434802,250520.4752041315,9202.443621947492,61039.06057660259,1189475.9489899725,680990.5778090159,0.018000000000000002,,0.148,0.109,1.477,0.028,0.011,0.04,1.087,0.164,0.009000000000000001,0.015,0.108,0.009999999999999998,investor 9
1.0,355191.78167024,583173.5521179786,,68035.69219215788,92025.8014906499,6772.624442361432,361243.74258172436,921287.2417903208,250521.6956048845,9210.650554574191,61107.02177927763,1189958.1686463133,681363.7015180914,0.018000000000000002,,0.147,0.109,1.477,0.028,0.011,0.04,1.086,0.164,0.009000000000000001,0.015,0.108,0.009999999999999998,investor 9
361.0,355191.78167024,583173.5521179786,,68035.69219215788,92025.8014906499,6772.624442361432,361243.74258172436,921287.2417903208,250521.6956048845,9210.650554574191,61107.02177927763,1189958.1686463133,681363.7015180914,0.018000000000000002,,0.147,0.109,1.477,0.028,0.011,0.04,1.086,0.164,0.009000000000000001,0.015,0.108,0.009999999999999998,investor 9
721.0,355191.78167024,583173.5521179786,,68035.69219215788,92025.8014906499,6772.624442361432,361243.74258172436,921287.2417903208,250521.6956048845,9210.650554574191,61107.02177927763,1189958.1686463133,681363.7015180914,0.018000000000000002,,0.147,0.109,1.477,0.028,0.011,0.04,1.086,0.164,0.009000000000000001,0.015,0.108,0.009999999999999998,investor 9
1081.0,355191.78167024,583173.5521179786,,68035.69219215788,92025.8014906499,6772.624442361432,361243.74258172436,921287.2417903208,250521.6956048845,9210.650554574191,61107.02177927763,1189958.1686463133,681363.7015180914,0.018000000000000002,,0.147,0.109,1.477,0.028,0.011,0.04,1.086,0.164,0.009000000000000001,0.015,0.108,0.009999999999999998,investor 9
1441.0000000000002,355191.78167024,583173.5521179786,,68035.69219215788,92025.8014906499,6772.624442361432,361243.74258172436,921287.2417903208,250521.6956048845,9210.650554574191,61107.02177927763,1189958.1686463133,681363.7015180914,0.018000000000000002,,0.147,0.109,1.477,0.028,0.011,0.04,1.086,0.164,0.009000000000000001,0.015,0.108,0.009999999999999998,investor 9
