Time,Home Value,HEP Expectation,Investor Valuations,Valuation #1,Valuation #2,Valuation #3,Valuation #4,Valuation #5,Valuation #6,Valuation #7,Valuation #8,Valuation #9,Valuation #10,E.D.B.,Investor Bids,Bid #1,Bid #2,Bid #3,Bid #4,Bid #5,Bid #6,Bid #7,Bid #8,Bid #9,Bid #10,Reserve,Best Bid,Winning Bidder
0.0,120844.98370281998,225714.9217995701,,992.3895477842738,28316.806960355545,14032.975321307465,67183.1059252224,443501.7568528315,16661.555116783682,10377.281033307552,12409.976256422222,28635.94409200716,18178.377308297735,0.045,,10.077,0.354,0.713,0.149,0.023,0.601,0.964,0.806,0.35000000000000003,0.551,0.484,0.148,investor 5
1.0,120945.47145908415,225970.55892427228,,992.6207772060435,28350.130268584493,14038.927368708166,67239.21083535379,443570.7946518331,16644.344113131625,10389.817354589568,12413.543339489677,28658.62125492692,18189.518706788967,0.045,,10.075000000000001,0.353,0.713,0.149,0.023,0.601,0.963,0.806,0.34900000000000003,0.55,0.484,0.148,investor 5
361.0,120945.47145908415,225970.55892427228,,992.6207772060435,28350.130268584493,14038.927368708166,67239.21083535379,443570.7946518331,16644.344113131625,10389.817354589568,12413.543339489677,28658.62125492692,18189.518706788967,0.045,,10.075000000000001,0.353,0.713,0.149,0.023,0.601,0.963,0.806,0.34900000000000003,0.55,0.484,0.148,investor 5
721.0,120945.47145908415,225970.55892427228,,992.6207772060435,28350.130268584493,14038.927368708166,67239.21083535379,443570.7946518331,16644.344113131625,10389.817354589568,12413.543339489677,28658.62125492692,18189.518706788967,0.045,,10.075000000000001,0.353,0.713,0.149,0.023,0.601,0.963,0.806,0.34900000000000003,0.55,0.484,0.148,investor 5
1081.0,120945.47145908415,225970.55892427228,,992.6207772060435,28350.130268584493,14038.927368708166,67239.21083535379,443570.7946518331,16644.344113131625,10389.817354589568,12413.543339489677,28658.62125492692,18189.518706788967,0.045,,10.075000000000001,0.353,0.713,0.149,0.023,0.601,0.963,0.806,0.34900000000000003,0.55,0.484,0.148,investor 5
1441.0000000000002,120945.47145908415,225970.55892427228,,992.6207772060435,28350.130268584493,14038.927368708166,67239.21083535379,443570.7946518331,16644.344113131625,10389.817354589568,12413.543339489677,28658.62125492692,18189.518706788967,0.045,,10.075000000000001,0.353,0.713,0.149,0.023,0.601,0.963,0.806,0.34900000000000003,0.55,0.484,0.148,investor 5
