Time,Home Value,HEP Expectation,Investor Valuations,Valuation #1,Valuation #2,Valuation #3,Valuation #4,Valuation #5,Valuation #6,Valuation #7,Valuation #8,Valuation #9,Valuation #10,E.D.B.,Investor Bids,Bid #1,Bid #2,Bid #3,Bid #4,Bid #5,Bid #6,Bid #7,Bid #8,Bid #9,Bid #10,Reserve,Best Bid,Winning Bidder
0.0,272482.38087565766,731224.8985058733,,14597.387374927937,18386.12934356925,256844.19171676526,18461.30588252734,30158.988450623572,22582.75207945801,56495.75868535288,34479.5173980785,13302.38314201355,16259.027271364848,0.014,,0.686,0.544,0.039,0.542,0.332,0.443,0.178,0.291,0.752,0.616,0.075,0.074,investor 3
1.0,272809.4368162243,732205.1968511273,,14593.266467478888,18387.441511537192,257064.01577422564,18470.51654872125,30160.13138681403,22579.04536349333,56577.18110417786,34503.95950320741,13298.125047617934,16251.531102660978,0.014,,0.686,0.544,0.039,0.542,0.332,0.443,0.177,0.29,0.752,0.616,0.075,0.074,investor 3
361.0,272809.4368162243,732205.1968511273,,14593.266467478888,18387.441511537192,257064.01577422564,18470.51654872125,30160.13138681403,22579.04536349333,56577.18110417786,34503.95950320741,13298.125047617934,16251.531102660978,0.014,,0.686,0.544,0.039,0.542,0.332,0.443,0.177,0.29,0.752,0.616,0.075,0.074,investor 3
721.0,272809.4368162243,732205.1968511273,,14593.266467478888,18387.441511537192,257064.01577422564,18470.51654872125,30160.13138681403,22579.04536349333,56577.18110417786,34503.95950320741,13298.125047617934,16251.531102660978,0.014,,0.686,0.544,0.039,0.542,0.332,0.443,0.177,0.29,0.752,0.616,0.075,0.074,investor 3
1081.0,272809.4368162243,732205.1968511273,,14593.266467478888,18387.441511537192,257064.01577422564,18470.51654872125,30160.13138681403,22579.04536349333,56577.18110417786,34503.95950320741,13298.125047617934,16251.531102660978,0.014,,0.686,0.544,0.039,0.542,0.332,0.443,0.177,0.29,0.752,0.616,0.075,0.074,investor 3
1441.0000000000002,272809.4368162243,732205.1968511273,,14593.266467478888,18387.441511537192,257064.01577422564,18470.51654872125,30160.13138681403,22579.04536349333,56577.18110417786,34503.95950320741,13298.125047617934,16251.531102660978,0.014,,0.686,0.544,0.039,0.542,0.332,0.443,0.177,0.29,0.752,0.616,0.075,0.074,investor 3
