Time,Home Value,HEP Expectation,Investor Valuations,Valuation #1,Valuation #2,Valuation #3,Valuation #4,Valuation #5,Valuation #6,Valuation #7,Valuation #8,Valuation #9,Valuation #10,E.D.B.,Investor Bids,Bid #1,Bid #2,Bid #3,Bid #4,Bid #5,Bid #6,Bid #7,Bid #8,Bid #9,Bid #10,Reserve,Best Bid,Winning Bidder
0.0,429886.2395269408,1159665.7153298412,,24479.733226321343,219.81054081268672,8792.415068127675,12808.12072913156,1012816.6148994751,1612.2112328763812,176796.0096713163,602677.1264242389,48016.24486181257,651120.971082849,0.009000000000000001,,0.40900000000000003,45.494,1.1380000000000001,0.781,0.01,6.203,0.057,0.017,0.209,0.016,0.056,0.015,investor 5
1.0,430916.7152867363,1162908.0247483146,,24492.80754067647,219.8818793672283,8796.604025459495,12823.213657961232,1013278.775487042,1612.99973647969,176802.32658256788,602585.022489747,48081.39922076212,651595.0258505042,0.009000000000000001,,0.40900000000000003,45.479,1.137,0.78,0.01,6.2,0.057,0.017,0.20800000000000002,0.016,0.056,0.015,investor 5
361.0,430916.7152867363,1162908.0247483146,,24492.80754067647,219.8818793672283,8796.604025459495,12823.213657961232,1013278.775487042,1612.99973647969,176802.32658256788,602585.022489747,48081.39922076212,651595.0258505042,0.009000000000000001,,0.40900000000000003,45.479,1.137,0.78,0.01,6.2,0.057,0.017,0.20800000000000002,0.016,0.056,0.015,investor 5
721.0,430916.7152867363,1162908.0247483146,,24492.80754067647,219.8818793672283,8796.604025459495,12823.213657961232,1013278.775487042,1612.99973647969,176802.32658256788,602585.022489747,48081.39922076212,651595.0258505042,0.009000000000000001,,0.40900000000000003,45.479,1.137,0.78,0.01,6.2,0.057,0.017,0.20800000000000002,0.016,0.056,0.015,investor 5
1081.0,430916.7152867363,1162908.0247483146,,24492.80754067647,219.8818793672283,8796.604025459495,12823.213657961232,1013278.775487042,1612.99973647969,176802.32658256788,602585.022489747,48081.39922076212,651595.0258505042,0.009000000000000001,,0.40900000000000003,45.479,1.137,0.78,0.01,6.2,0.057,0.017,0.20800000000000002,0.016,0.056,0.015,investor 5
1441.0000000000002,430916.7152867363,1162908.0247483146,,24492.80754067647,219.8818793672283,8796.604025459495,12823.213657961232,1013278.775487042,1612.99973647969,176802.32658256788,602585.022489747,48081.39922076212,651595.0258505042,0.009000000000000001,,0.40900000000000003,45.479,1.137,0.78,0.01,6.2,0.057,0.017,0.20800000000000002,0.016,0.056,0.015,investor 5
