Time,Home Value,HEP Expectation,Investor Valuations,Valuation #1,Valuation #2,Valuation #3,Valuation #4,Valuation #5,Valuation #6,Valuation #7,Valuation #8,Valuation #9,Valuation #10,E.D.B.,Investor Bids,Bid #1,Bid #2,Bid #3,Bid #4,Bid #5,Bid #6,Bid #7,Bid #8,Bid #9,Bid #10,Reserve,Best Bid,Winning Bidder
0.0,285482.1070794308,664869.9440229824,,151349.23820585466,21295.580459143723,66633.98491489538,258136.53388910097,939367.9316776346,22443.223606704803,128158.81826685937,10347.669672360058,36737.84115661399,82036.55704215994,0.016,,0.067,0.47000000000000003,0.151,0.039,0.011,0.446,0.079,0.967,0.273,0.122,0.078,0.038,investor 5
1.0,285276.09976173093,664299.4595076494,,151325.13866448065,21319.239870961545,66696.56739953211,258291.6426420225,939201.0456382016,22465.137290572107,128153.60720317623,10358.759444572039,36765.4437209986,82028.56379215908,0.016,,0.067,0.47000000000000003,0.15,0.039,0.011,0.446,0.079,0.966,0.272,0.122,0.078,0.038,investor 5
361.0,285276.09976173093,664299.4595076494,,151325.13866448065,21319.239870961545,66696.56739953211,258291.6426420225,939201.0456382016,22465.137290572107,128153.60720317623,10358.759444572039,36765.4437209986,82028.56379215908,0.016,,0.067,0.47000000000000003,0.15,0.039,0.011,0.446,0.079,0.966,0.272,0.122,0.078,0.038,investor 5
721.0,285276.09976173093,664299.4595076494,,151325.13866448065,21319.239870961545,66696.56739953211,258291.6426420225,939201.0456382016,22465.137290572107,128153.60720317623,10358.759444572039,36765.4437209986,82028.56379215908,0.016,,0.067,0.47000000000000003,0.15,0.039,0.011,0.446,0.079,0.966,0.272,0.122,0.078,0.038,investor 5
1081.0,285276.09976173093,664299.4595076494,,151325.13866448065,21319.239870961545,66696.56739953211,258291.6426420225,939201.0456382016,22465.137290572107,128153.60720317623,10358.759444572039,36765.4437209986,82028.56379215908,0.016,,0.067,0.47000000000000003,0.15,0.039,0.011,0.446,0.079,0.966,0.272,0.122,0.078,0.038,investor 5
1441.0000000000002,285276.09976173093,664299.4595076494,,151325.13866448065,21319.239870961545,66696.56739953211,258291.6426420225,939201.0456382016,22465.137290572107,128153.60720317623,10358.759444572039,36765.4437209986,82028.56379215908,0.016,,0.067,0.47000000000000003,0.15,0.039,0.011,0.446,0.079,0.966,0.272,0.122,0.078,0.038,investor 5
