Time,Home Value,HEP Expectation,Investor Valuations,Valuation #1,Valuation #2,Valuation #3,Valuation #4,Valuation #5,Valuation #6,Valuation #7,Valuation #8,Valuation #9,Valuation #10,E.D.B.,Investor Bids,Bid #1,Bid #2,Bid #3,Bid #4,Bid #5,Bid #6,Bid #7,Bid #8,Bid #9,Bid #10,Reserve,Best Bid,Winning Bidder
0.0,255928.03571965525,463844.3673428952,,26818.56390974455,387.7471434024431,36215.730167873844,213829.48628998347,16131.16595360451,187286.1712681667,6072.8675928911025,2764.845250616028,6612.2502005500855,86022.67355649194,0.022,,0.373,25.791,0.277,0.047,0.62,0.054,1.647,3.617,1.5130000000000001,0.117,0.438,0.053,investor 4
1.0,256017.81287680328,464075.85971177125,,26815.87067163469,388.0830886583742,36232.20580234325,213820.99264686677,16137.348893635153,187450.61236199312,6073.784420998336,2763.86110580431,6620.010429366252,86033.89001845996,0.022,,0.373,25.768,0.276,0.047,0.62,0.054,1.647,3.619,1.5110000000000001,0.117,0.438,0.053,investor 4
361.0,263236.0483242838,25582.476621297934,,22488.20512009315,515.2714463391496,41353.20729958497,210386.6529758844,18393.651728948273,244751.2438046778,6397.802322192944,2486.057489392988,9443.49720895058,89212.45028393337,1300.0,,1100.0,0.0,2100.0,0.047,900.0,12900.0,300.0,100.0,500.0,4700.0,10700.0,10800.0,investor 6
362.0,263609.63290438306,25633.53131109892,,22453.484656168108,515.61334646793,41368.35483506717,210377.10862600224,18399.968313423236,244920.62866660557,6398.330071211908,2485.1317862950173,9451.06101140394,89214.86288915067,1300.0,,1100.0,0.0,2100.0,0.047,900.0,12900.0,300.0,100.0,500.0,4700.0,10700.0,10800.0,investor 6
