Time,Home Value,HEP Expectation,Investor Valuations,Valuation #1,Valuation #2,Valuation #3,Valuation #4,Valuation #5,Valuation #6,Valuation #7,Valuation #8,Valuation #9,Valuation #10,E.D.B.,Investor Bids,Bid #1,Bid #2,Bid #3,Bid #4,Bid #5,Bid #6,Bid #7,Bid #8,Bid #9,Bid #10,Reserve,Best Bid,Winning Bidder
0.0,442792.1666154906,952601.1034412452,,510232.81170741364,269309.8038307434,1373.5475965852163,175373.37253949197,362327.0592177168,518856.3396744127,476852.12550719193,25352.273477361126,1785.2896679396222,51161.58780655401,0.011,,0.02,0.038,7.281000000000001,0.058,0.028,0.02,0.021,0.395,5.602,0.196,0.045,0.02,investor 1
1.0,443498.30266572314,954367.5126533377,,510521.21158563613,269225.97898634843,1374.3808847581624,175476.97348070476,362349.5820205264,519059.337422672,477253.2955189144,25361.903370296044,1788.3190338692198,51213.182171601584,0.011,,0.02,0.038,7.277,0.057,0.028,0.02,0.021,0.395,5.5920000000000005,0.196,0.045,0.02,investor 1
361.0,451696.1857684832,19497.492639299708,,618838.4145645498,236473.8960067919,1752.5207515521863,212243.1609866841,373840.19006556366,594282.8470694256,621692.8091601565,28701.768899894872,3034.6174919468244,68874.11884945972,300.0,,0.02,4700.0,0.0,4200.0,7400.0,11800.0,12400.0,500.0,0.0,1300.0,11300.0,11900.0,investor 7
362.0,451633.14045128855,19494.338464433964,,619113.0989843257,236381.2090183542,1753.60015445129,212348.865469391,373868.2829959842,594483.4267432266,622071.6953100024,28711.85546494956,3038.034895052018,68928.0795976712,300.0,,0.02,4700.0,0.0,4200.0,7400.0,11800.0,12400.0,500.0,0.0,1300.0,11300.0,11900.0,investor 7
