Time,Home Value,HEP Expectation,Investor Valuations,Valuation #1,Valuation #2,Valuation #3,Valuation #4,Valuation #5,Valuation #6,Valuation #7,Valuation #8,Valuation #9,Valuation #10,E.D.B.,Investor Bids,Bid #1,Bid #2,Bid #3,Bid #4,Bid #5,Bid #6,Bid #7,Bid #8,Bid #9,Bid #10,Reserve,Best Bid,Winning Bidder
0.0,132384.57877982294,347046.5009703472,,445567.0337761739,140712.09742783566,20163.43847876721,121885.09832660486,32404.399949256735,114064.40119098788,46972.275201335586,119086.14250127543,941386.8414808124,112747.9382390083,0.029,,0.023,0.07200000000000001,0.496,0.083,0.309,0.088,0.213,0.084,0.011,2.0,0.14200000000000002,0.022,investor 9
1.0,132483.151065487,347334.131472696,,445981.0794592075,140902.25879334734,20168.408385584247,122017.11210130143,32390.681124454262,114166.13122657337,46967.11516697579,119214.40008562752,941536.8985822785,112782.9782379619,0.029,,0.023,0.07100000000000001,0.496,0.082,0.309,0.088,0.213,0.084,0.011,2.0,0.14200000000000002,0.022,investor 9
