Time,Home Value,HEP Expectation,Investor Valuations,Valuation #1,Valuation #2,Valuation #3,Valuation #4,Valuation #5,Valuation #6,Valuation #7,Valuation #8,Valuation #9,Valuation #10,E.D.B.,Investor Bids,Bid #1,Bid #2,Bid #3,Bid #4,Bid #5,Bid #6,Bid #7,Bid #8,Bid #9,Bid #10,Reserve,Best Bid,Winning Bidder
0.0,123889.96106541218,221109.82162435472,,220357.24425743998,131078.78408598097,165542.67072552585,14324.655959222684,3142.5154407371133,4130.2266525426085,111369.51025765316,86027.3046750529,33402.20615710181,49675.14205032338,0.046,,0.046,0.077,0.061,0.6990000000000001,3.1830000000000003,2.422,0.09,0.117,0.3,0.202,0.263,0.06,investor 1
1.0,123683.89535024257,220634.64042787836,,220384.39399520642,131150.69753848907,165663.73239546164,14328.245778138313,3144.5311065130104,4130.488241501119,111399.86410956051,86112.6435951344,33414.76040231788,49708.849526867925,0.046,,0.046,0.077,0.061,0.6980000000000001,3.181,2.422,0.09,0.117,0.3,0.202,0.263,0.06,investor 1
