Time,Home Value,HEP Expectation,Investor Valuations,Valuation #1,Valuation #2,Valuation #3,Valuation #4,Valuation #5,Valuation #6,Valuation #7,Valuation #8,Valuation #9,Valuation #10,E.D.B.,Investor Bids,Bid #1,Bid #2,Bid #3,Bid #4,Bid #5,Bid #6,Bid #7,Bid #8,Bid #9,Bid #10,Reserve,Best Bid,Winning Bidder
0.0,556292.1082706082,1315077.7391039466,,79300.16417812952,7901.348086921883,6995.37258772839,3549.6122567167004,57700.93822105514,146916.62943467684,294460.3883976481,9034.899402925059,1121895.4309039605,50591.890222940216,0.008,,0.127,1.266,1.43,2.818,0.17400000000000002,0.069,0.034,1.107,0.009000000000000001,0.198,0.025,0.024,investor 9
1.0,556786.7080393597,1316320.055530692,,79328.5686303638,7899.618086517351,7001.6310620407385,3552.997689210659,57734.67365972711,146845.28275983385,294633.6730006263,9032.797162065384,1122341.7144967532,50651.769344237866,0.008,,0.127,1.266,1.429,2.815,0.17400000000000002,0.069,0.034,1.108,0.009000000000000001,0.198,0.025,0.024,investor 9
