Time,Home Value,HEP Expectation,Investor Valuations,Valuation #1,Valuation #2,Valuation #3,Valuation #4,Valuation #5,Valuation #6,Valuation #7,Valuation #8,Valuation #9,Valuation #10,E.D.B.,Investor Bids,Bid #1,Bid #2,Bid #3,Bid #4,Bid #5,Bid #6,Bid #7,Bid #8,Bid #9,Bid #10,Reserve,Best Bid,Winning Bidder
0.0,187602.92621496602,438523.8176416061,,599600.3385961013,112470.56479353679,2414.5046818737646,1421840.8785717986,528396.8782754414,57372.61377039424,47704.3253790721,81655.33079197817,118685.29725126894,58621.74677924796,0.023,,0.017,0.089,4.142,0.008,0.019,0.17500000000000002,0.21,0.123,0.085,0.171,0.068,0.016,investor 4
1.0,187587.73912216487,438486.3485246262,,599574.2751658524,112532.22886117379,2415.901360128256,1422063.3886320877,528663.7976581245,57313.75411051045,47752.40070823034,81695.46661033781,118728.32167290979,58638.09044180234,0.023,,0.017,0.089,4.14,0.008,0.019,0.17500000000000002,0.21,0.123,0.085,0.171,0.068,0.016,investor 4
