Time,Home Value,HEP Expectation,Investor Valuations,Valuation #1,Valuation #2,Valuation #3,Valuation #4,Valuation #5,Valuation #6,Valuation #7,Valuation #8,Valuation #9,Valuation #10,E.D.B.,Investor Bids,Bid #1,Bid #2,Bid #3,Bid #4,Bid #5,Bid #6,Bid #7,Bid #8,Bid #9,Bid #10,Reserve,Best Bid,Winning Bidder
0.0,246726.2349577295,530967.1738916086,,351516.1364730354,101066.96102495049,31216.437676779413,740215.4663769347,238983.41043041565,13674.057527931061,110148.31547708219,15964.45436913086,11497.687862339068,78641.43254820973,0.019,,0.029,0.099,0.321,0.014,0.042,0.732,0.091,2.0,0.87,0.128,0.097,0.028,investor 4
1.0,246868.5003488381,531334.1252522812,,351666.04424437985,101092.58335238627,31245.873639518202,740778.7423377136,239050.0373874285,13688.483872396235,110230.246663056,15974.951930545283,11506.241148842812,78681.25359146873,0.019,,0.029,0.099,0.321,0.014,0.042,0.731,0.091,2.0,0.87,0.128,0.097,0.028,investor 4
