Time,Home Value,HEP Expectation,Investor Valuations,Valuation #1,Valuation #2,Valuation #3,Valuation #4,Valuation #5,Valuation #6,Valuation #7,Valuation #8,Valuation #9,Valuation #10,E.D.B.,Investor Bids,Bid #1,Bid #2,Bid #3,Bid #4,Bid #5,Bid #6,Bid #7,Bid #8,Bid #9,Bid #10,Reserve,Best Bid,Winning Bidder
0.0,230372.40857193465,412748.12771778833,,78816.25717868764,1155548.7312324662,939317.1598400113,4208.576604389078,568.195553872498,34458.72631262943,2150.036876330438,38965.52110322842,1989983.007367631,1794841.5405198967,0.025,,0.127,0.009000000000000001,0.011,2.3770000000000002,17.6,0.291,4.652,0.257,0.006,0.006,-1.838,-1.838,
1.0,230677.90322850578,413564.371899614,,78821.75645717193,1155635.9421095971,939693.9129337651,4213.028062644911,569.053072241039,34480.68526766564,2150.896532935867,38975.888065900726,1990283.8344846782,1794711.924463461,0.025,,0.127,0.009000000000000001,0.011,2.374,17.574,0.291,4.65,0.257,0.006,0.006,-1.838,-1.838,
2.0,230660.09898492586,413516.80114863254,,78821.20448381563,1155717.0522370073,940083.7406434808,4217.261739206419,569.8278407923408,34503.29806667348,2151.710335248591,38986.37718927638,1990603.1299301512,1794581.020420019,0.025,,0.127,0.009000000000000001,0.011,2.372,17.55,0.29,4.648,0.257,0.006,0.006,-1.838,-1.838,
3.0,231476.50850293707,415698.1470567519,,78827.42810087185,1155803.0004486693,940468.2681451723,4221.402978591769,570.5709142340958,34523.49802166323,2152.4931922158044,38996.460589793256,1990919.6015014017,1794449.787788135,0.025,,0.127,0.009000000000000001,0.011,2.369,17.527,0.29,4.646,0.257,0.006,0.006,-1.838,-1.838,
4.0,231665.60042479777,416203.3774355133,,78821.9627097263,1155911.5970966974,940873.1313875875,4225.8720530957025,571.3563265205233,34545.97206795656,2153.1147352780454,39006.498284287605,1991230.605480597,1794323.7465528792,0.025,,0.127,0.009000000000000001,0.011,2.367,17.503,0.29,4.6450000000000005,0.257,0.006,0.006,-1.838,-1.838,
