Time,Home Value,HEP Expectation,Investor Valuations,Valuation #1,Valuation #2,Valuation #3,Valuation #4,Valuation #5,Valuation #6,Valuation #7,Valuation #8,Valuation #9,Valuation #10,E.D.B.,Investor Bids,Bid #1,Bid #2,Bid #3,Bid #4,Bid #5,Bid #6,Bid #7,Bid #8,Bid #9,Bid #10,Reserve,Best Bid,Winning Bidder
0.0,107411.7878411652,296391.342056031,,2980.0998177216593,93682.48166732276,6425.132424371773,45137.234603881094,523959.4817058572,254673.9536934207,2719.9984672873265,3808.4376771756365,470511.09582470934,645.9555244154802,0.034,,3.356,0.107,1.557,0.222,0.02,0.04,3.677,2.626,0.022,15.481,0.148,0.020999999999999998,investor 5
1.0,107477.58045723698,296588.44762509177,,2983.2156391720987,93751.98243474262,6425.6632347523,45138.720094014905,524138.3109765135,254755.8130534099,2721.2222607394465,3809.3614639448015,470801.3396439272,646.4588811244616,0.034,,3.353,0.107,1.557,0.222,0.02,0.04,3.6750000000000003,2.626,0.022,15.469000000000001,0.148,0.020999999999999998,investor 5
