Time,Home Value,HEP Expectation,Investor Valuations,Valuation #1,Valuation #2,Valuation #3,Valuation #4,Valuation #5,Valuation #6,Valuation #7,Valuation #8,Valuation #9,Valuation #10,E.D.B.,Investor Bids,Bid #1,Bid #2,Bid #3,Bid #4,Bid #5,Bid #6,Bid #7,Bid #8,Bid #9,Bid #10,Reserve,Best Bid,Winning Bidder
0.0,248941.54793471255,543423.6892340032,,178991.40115647623,4076.432538283529,37290.82856721157,295919.0383455011,71556.83810596677,180301.00923689854,279787.21307170653,440335.68013254425,27427.11991065132,1084.7465909335344,0.019,,0.056,2.454,0.269,0.034,0.14,0.056,0.036000000000000004,0.023,0.365,9.219,0.084,0.033,investor 8
1.0,249517.48044855768,544895.3436896473,,179102.798475571,4079.33680443596,37347.34411296429,296029.8913932976,71624.94676581977,180401.51230344517,279920.46612519136,440395.2246276066,27451.79012478944,1085.086638934224,0.019,,0.056,2.452,0.268,0.034,0.14,0.056,0.036000000000000004,0.023,0.365,9.216000000000001,0.084,0.033,investor 8
