Time,Home Value,HEP Expectation,Investor Valuations,Valuation #1,Valuation #2,Valuation #3,Valuation #4,Valuation #5,Valuation #6,Valuation #7,Valuation #8,Valuation #9,Valuation #10,E.D.B.,Investor Bids,Bid #1,Bid #2,Bid #3,Bid #4,Bid #5,Bid #6,Bid #7,Bid #8,Bid #9,Bid #10,Reserve,Best Bid,Winning Bidder
0.0,469455.4872916924,926858.0757719995,,238192.9859787808,861573.6073906518,7944.614502062229,19602.48703808899,19318.10293886728,6967.222012838194,232101.5069770769,138738.14200350037,2736.6766086885586,22284.946577816394,0.011,,0.042,0.012,1.2590000000000001,0.511,0.518,1.436,0.044,0.073,3.6550000000000002,0.449,0.07200000000000001,0.041,investor 2
1.0,470500.1876263782,929519.1456339397,,238367.01536252786,861779.3033093504,7948.396473776912,19610.152620666664,19344.918678474765,6963.747468463621,232214.09589309213,138820.52389513457,2736.351922115493,22297.7413565488,0.011,,0.042,0.012,1.2590000000000001,0.51,0.517,1.437,0.044,0.073,3.6550000000000002,0.449,0.07200000000000001,0.041,investor 2
