Time,Home Value,HEP Expectation,Investor Valuations,Valuation #1,Valuation #2,Valuation #3,Valuation #4,Valuation #5,Valuation #6,Valuation #7,Valuation #8,Valuation #9,Valuation #10,E.D.B.,Investor Bids,Bid #1,Bid #2,Bid #3,Bid #4,Bid #5,Bid #6,Bid #7,Bid #8,Bid #9,Bid #10,Reserve,Best Bid,Winning Bidder
0.0,187753.62188820334,355220.47876215103,,237246.5823309169,387811.12421514204,175241.11940591608,110260.53671595275,817364.5640124847,27840.992839878945,1145915.7739846548,54507.54937837094,3948.7415795161796,712260.1425844388,0.029,,0.043000000000000003,0.026000000000000002,0.058,0.091,0.013000000000000001,0.36,0.009000000000000001,0.184,2.533,0.015,0.176,0.012,investor 7
1.0,186920.4816792373,353187.99836021836,,237194.07519899905,387934.24611326953,175262.26812305022,110352.47066760398,817547.8534602718,27858.48670027846,1146243.3625504414,54574.10995652051,3950.800498234679,712628.3566335455,0.029,,0.043000000000000003,0.026000000000000002,0.058,0.091,0.013000000000000001,0.359,0.009000000000000001,0.184,2.532,0.015,0.176,0.012,investor 7
