Time,Home Value,HEP Expectation,Investor Valuations,Valuation #1,Valuation #2,Valuation #3,Valuation #4,Valuation #5,Valuation #6,Valuation #7,Valuation #8,Valuation #9,Valuation #10,E.D.B.,Investor Bids,Bid #1,Bid #2,Bid #3,Bid #4,Bid #5,Bid #6,Bid #7,Bid #8,Bid #9,Bid #10,Reserve,Best Bid,Winning Bidder
0.0,110900.74838038223,233356.34477960313,,3886.4638936687525,295231.61492551153,34122.5135878359,43620.39184698916,150381.96738241383,15940.687642652087,68628.33421634539,9088.906989822872,305643.6445006276,74939.3523469331,0.043000000000000003,,2.574,0.034,0.294,0.23,0.067,0.628,0.146,1.101,0.033,0.134,0.20800000000000002,0.033,investor 9
1.0,110949.21904670482,233480.2141880341,,3890.639711570176,295483.91352717375,34155.488150109995,43645.57350680273,150458.0571862816,15946.795537149828,68656.57043125067,9089.977113454499,305666.4877073252,75008.05602739462,0.043000000000000003,,2.571,0.034,0.293,0.23,0.067,0.628,0.146,1.101,0.033,0.134,0.20800000000000002,0.033,investor 9
