Time,Home Value,HEP Expectation,Investor Valuations,Valuation #1,Valuation #2,Valuation #3,Valuation #4,Valuation #5,Valuation #6,Valuation #7,Valuation #8,Valuation #9,Valuation #10,E.D.B.,Investor Bids,Bid #1,Bid #2,Bid #3,Bid #4,Bid #5,Bid #6,Bid #7,Bid #8,Bid #9,Bid #10,Reserve,Best Bid,Winning Bidder
0.0,207705.08710081095,486089.93893859227,,44061.832048217795,179716.17051487672,290569.8011976704,62355.99122998534,12875.877072097815,498875.1276237246,269067.2734024954,481433.262815337,104351.33021044533,27811.371479519337,0.021,,0.227,0.056,0.035,0.161,0.777,0.021,0.038,0.021,0.096,0.36,0.11900000000000001,0.021,investor 8
1.0,207826.20704518925,486431.9747600726,,44053.63823163286,179797.06481433898,290498.23399995954,62378.11446991413,12880.903590305872,498679.2658194556,269063.6260202575,481603.61513446324,104440.7812393208,27852.08645857052,0.021,,0.227,0.056,0.035,0.161,0.777,0.021,0.038,0.021,0.096,0.36,0.11900000000000001,0.021,investor 8
