Time,Home Value,HEP Expectation,Investor Valuations,Valuation #1,Valuation #2,Valuation #3,Valuation #4,Valuation #5,Valuation #6,Valuation #7,Valuation #8,Valuation #9,Valuation #10,E.D.B.,Investor Bids,Bid #1,Bid #2,Bid #3,Bid #4,Bid #5,Bid #6,Bid #7,Bid #8,Bid #9,Bid #10,Reserve,Best Bid,Winning Bidder
0.0,140631.677089841,254483.92728938558,,1169.4281984748868,237313.5251538167,62193.46841432302,284023.0422491797,787.3567563886415,447071.401118574,58661.50983242024,233105.24566806617,1715.523174497954,24577.69848180273,0.04,,8.552,0.043000000000000003,0.161,0.036000000000000004,12.701,0.023,0.171,0.043000000000000003,5.83,0.40700000000000003,0.401,0.035,investor 6
1.0,140771.21365211485,254830.57379324024,,1170.1967307798423,237350.02665568254,62191.250681147605,284056.35989777435,788.2879544905657,447353.74296270777,58697.49368897107,233213.7778433743,1715.931227692129,24602.24500596912,0.04,,8.546,0.043000000000000003,0.161,0.036000000000000004,12.686,0.023,0.171,0.043000000000000003,5.828,0.40700000000000003,0.401,0.035,investor 6
