Time,Home Value,HEP Expectation,Investor Valuations,Valuation #1,Valuation #2,Valuation #3,Valuation #4,Valuation #5,Valuation #6,Valuation #7,Valuation #8,Valuation #9,Valuation #10,E.D.B.,Investor Bids,Bid #1,Bid #2,Bid #3,Bid #4,Bid #5,Bid #6,Bid #7,Bid #8,Bid #9,Bid #10,Reserve,Best Bid,Winning Bidder
0.0,645593.294340375,1615371.8662851881,,1129818.3947649843,27511.146496532987,10209.44467175562,99633.1062326558,4705.438692230322,3378203.709640049,28283.083572803636,198093.80838279676,99143.03090569582,192927.4274231096,0.007,,0.009000000000000001,0.364,0.98,0.101,2.126,0.003,0.354,0.051000000000000004,0.101,0.052000000000000005,0.042,0.008,investor 6
1.0,648911.4496577499,1625265.7453172808,,1129381.6192531418,27551.499661780792,10223.286039877883,99670.9999725762,4707.773844395153,3379954.8873694343,28313.732871041575,198301.95256228134,99224.26784481788,193075.47572022348,0.007,,0.009000000000000001,0.363,0.979,0.101,2.125,0.003,0.354,0.051000000000000004,0.101,0.052000000000000005,0.042,0.008,investor 6
