Time,Home Value,HEP Expectation,Investor Valuations,Valuation #1,Valuation #2,Valuation #3,Valuation #4,Valuation #5,Valuation #6,Valuation #7,Valuation #8,Valuation #9,Valuation #10,E.D.B.,Investor Bids,Bid #1,Bid #2,Bid #3,Bid #4,Bid #5,Bid #6,Bid #7,Bid #8,Bid #9,Bid #10,Reserve,Best Bid,Winning Bidder
0.0,159950.86511355528,307774.4307095741,,511014.9576969327,201129.20215733672,4732.642635021208,18518.51640373254,174358.6570300718,119642.13171124579,5199.370512364218,11725.719785036958,53015.92499733155,179985.75867192534,0.033,,0.02,0.05,2.113,0.541,0.058,0.084,1.924,0.853,0.189,0.056,0.686,0.049,investor 1
1.0,159168.73128979854,305672.53905702074,,510927.58785289875,201257.51573232902,4733.630477073759,18524.00107931783,174476.87426790316,119676.11775916569,5199.188062102927,11723.818497360588,52996.94749557096,180010.8585408425,0.033,,0.02,0.05,2.113,0.54,0.058,0.084,1.924,0.853,0.189,0.056,0.686,0.049,investor 1
