Time,Home Value,HEP Expectation,Investor Valuations,Valuation #1,Valuation #2,Valuation #3,Valuation #4,Valuation #5,Valuation #6,Valuation #7,Valuation #8,Valuation #9,Valuation #10,E.D.B.,Investor Bids,Bid #1,Bid #2,Bid #3,Bid #4,Bid #5,Bid #6,Bid #7,Bid #8,Bid #9,Bid #10,Reserve,Best Bid,Winning Bidder
0.0,188908.3469004662,294954.76091143105,,91615.13723614509,567819.6067890776,4507.664219997026,77979.4514523524,26163.554595962967,2352.0828911826397,45182.562365444384,605136.6809228776,3309.3684397118122,230192.0339933687,0.034,,0.11,0.018000000000000002,2.219,0.129,0.383,4.252,0.222,0.017,3.0220000000000002,0.044,-0.708,-0.708,
1.0,189376.1902326366,296118.7507774241,,91691.93404670489,568122.4176756578,4511.9046568749745,78030.91036814895,26160.00915525552,2354.683150289257,45171.693795857565,605613.1809287044,3312.2850453358637,230382.90778999648,0.034,,0.11,0.018000000000000002,2.217,0.129,0.383,4.247,0.222,0.017,3.02,0.044,-0.708,-0.708,
2.0,188760.2103628927,294586.19858156116,,91780.62324390352,568416.6829572393,4516.3829337007455,78077.25498158335,26157.071830124194,2357.1779848695473,45162.90957933879,606085.8350285313,3315.2608269562434,230576.46361333368,0.034,,0.109,0.018000000000000002,2.215,0.129,0.383,4.243,0.222,0.017,3.017,0.044,-0.708,-0.708,
3.0,188387.89965504888,293659.89299776574,,91853.28133804261,568685.9497292815,4520.611170118002,78132.18695717453,26154.863275450847,2359.840453415845,45155.64523919685,606528.8217031389,3318.063135009744,230772.12255997976,0.035,,0.109,0.018000000000000002,2.213,0.128,0.383,4.238,0.222,0.017,3.0140000000000002,0.044,-0.708,-0.708,
4.0,188590.09389640135,294162.9503926518,,91922.7052993525,568946.3125402771,4524.658405307682,78189.12506792117,26152.22821365431,2362.2063166752296,45151.43319989037,606993.6418810015,3321.184648542953,230956.5913078628,0.034,,0.109,0.018000000000000002,2.211,0.128,0.383,4.234,0.222,0.017,3.011,0.044,-0.708,-0.708,
