Time,Home Value,HEP Expectation,Investor Valuations,Valuation #1,Valuation #2,Valuation #3,Valuation #4,Valuation #5,Valuation #6,Valuation #7,Valuation #8,Valuation #9,Valuation #10,E.D.B.,Investor Bids,Bid #1,Bid #2,Bid #3,Bid #4,Bid #5,Bid #6,Bid #7,Bid #8,Bid #9,Bid #10,Reserve,Best Bid,Winning Bidder
0.0,188957.38544638528,374574.534853278,,83779.96368669035,284482.4016994627,31896.81674355492,19318.97234825758,13360.224769307579,30523.355473083655,694974.6592888113,65419.17311348314,228748.0569487479,379281.79155805346,0.027,,0.12,0.036000000000000004,0.314,0.518,0.749,0.328,0.015,0.153,0.044,0.027,0.154,0.026,investor 7
1.0,188933.80324114772,374515.94293375075,,83789.84131847693,284753.00448759185,31873.715481362713,19340.056372951072,13364.281872518037,30527.002425704934,694930.0144614457,65416.14520865605,228899.06016468233,379509.8986254229,0.027,,0.12,0.036000000000000004,0.314,0.518,0.749,0.328,0.015,0.153,0.044,0.027,0.154,0.026,investor 7
