Time,Home Value,HEP Expectation,Investor Valuations,Valuation #1,Valuation #2,Valuation #3,Valuation #4,Valuation #5,Valuation #6,Valuation #7,Valuation #8,Valuation #9,Valuation #10,E.D.B.,Investor Bids,Bid #1,Bid #2,Bid #3,Bid #4,Bid #5,Bid #6,Bid #7,Bid #8,Bid #9,Bid #10,Reserve,Best Bid,Winning Bidder
0.0,361810.5033059715,795975.9955379646,,851548.2942813265,10165.885733512947,985530.220062533,1597.2258742780093,277073.1637777696,3204.9930501163867,155875.86278833688,62288.38945333279,30648.372282023272,202241.17496427993,0.013000000000000001,,0.012,0.984,0.011,6.261,0.037,3.121,0.065,0.161,0.327,0.05,0.048,0.011,investor 3
1.0,362449.76862883294,797566.0835091494,,852224.8065139477,10165.40002041927,986026.7685562121,1597.6524553390827,277249.4001331102,3208.7668894038666,155965.07320380103,62370.714553867954,30664.801034558313,202379.1732560776,0.013000000000000001,,0.012,0.984,0.011,6.26,0.037,3.117,0.065,0.161,0.327,0.05,0.048,0.011,investor 3
