Time,Home Value,HEP Expectation,Investor Valuations,Valuation #1,Valuation #2,Valuation #3,Valuation #4,Valuation #5,Valuation #6,Valuation #7,Valuation #8,Valuation #9,Valuation #10,E.D.B.,Investor Bids,Bid #1,Bid #2,Bid #3,Bid #4,Bid #5,Bid #6,Bid #7,Bid #8,Bid #9,Bid #10,Reserve,Best Bid,Winning Bidder
0.0,300740.03261094575,684137.7567527074,,81056.4950175553,1056.5532207225422,1085751.1894263478,92433.96209345508,1663.1377891465422,172724.52292544834,12594.725943159014,1145218.645541982,7056.973050700553,2356.3056796240176,0.015,,0.124,9.465,0.01,0.109,6.013,0.058,0.794,0.009000000000000001,1.418,4.244,0.052000000000000005,0.009000000000000001,investor 8
1.0,301399.516434116,685794.3288130544,,81103.61904896301,1056.5536352606782,1086058.921959348,92528.78378584683,1664.7922140682335,172767.10647470717,12596.847240111267,1145938.8772247883,7059.066825718009,2359.7115185236426,0.015,,0.124,9.465,0.01,0.109,6.007000000000001,0.058,0.794,0.009000000000000001,1.417,4.238,0.052000000000000005,0.009000000000000001,investor 8
