Time,Home Value,HEP Expectation,Investor Valuations,Valuation #1,Valuation #2,Valuation #3,Valuation #4,Valuation #5,Valuation #6,Valuation #7,Valuation #8,Valuation #9,Valuation #10,E.D.B.,Investor Bids,Bid #1,Bid #2,Bid #3,Bid #4,Bid #5,Bid #6,Bid #7,Bid #8,Bid #9,Bid #10,Reserve,Best Bid,Winning Bidder
0.0,244618.48425652852,540081.2830026344,,70745.59122083108,73978.04208476805,346677.45886990905,3303.295443826594,54678.162019384064,7278.451274031904,335588.2015149824,4412.071482823405,48349.63217949881,10817.49004052467,0.019,,0.14200000000000002,0.136,0.029,3.028,0.183,1.374,0.03,2.267,0.20700000000000002,0.925,0.077,0.028999999999999998,investor 3
1.0,244143.24383159055,538884.4667051771,,70777.9078842224,74003.38483763325,346677.70203882316,3306.0273292297525,54686.64290430474,7284.433760792214,335613.4188025627,4409.73346011685,48384.88463823892,10823.115794258023,0.019,,0.14200000000000002,0.136,0.029,3.025,0.183,1.373,0.03,2.2680000000000002,0.20700000000000002,0.924,0.077,0.028999999999999998,investor 3
