Time,Home Value,HEP Expectation,Investor Valuations,Valuation #1,Valuation #2,Valuation #3,Valuation #4,Valuation #5,Valuation #6,Valuation #7,Valuation #8,Valuation #9,Valuation #10,E.D.B.,Investor Bids,Bid #1,Bid #2,Bid #3,Bid #4,Bid #5,Bid #6,Bid #7,Bid #8,Bid #9,Bid #10,Reserve,Best Bid,Winning Bidder
0.0,355827.1893004721,852762.806695203,,376758.16000414354,182010.66188735605,2803.540642602178,135891.33638289993,20083.014335970314,85.18492294892044,3204.323597817549,51761.75408501364,195913.87672855367,1112.8681430839715,0.012,,0.027,0.055,3.567,0.074,0.498,117.392,3.121,0.194,0.052000000000000005,8.986,0.061,0.051000000000000004,investor 1
1.0,356906.26447151584,855769.5974367181,,376813.66670753236,182172.51591668965,2804.594353869416,136035.70757801319,20100.108023393946,85.29448327680085,3204.2075346805796,51766.88750631969,195957.27268668154,1113.589721095176,0.012,,0.027,0.055,3.5660000000000003,0.074,0.498,117.241,3.121,0.194,0.052000000000000005,8.98,0.061,0.051000000000000004,investor 1
