Time,Home Value,HEP Expectation,Investor Valuations,Valuation #1,Valuation #2,Valuation #3,Valuation #4,Valuation #5,Valuation #6,Valuation #7,Valuation #8,Valuation #9,Valuation #10,E.D.B.,Investor Bids,Bid #1,Bid #2,Bid #3,Bid #4,Bid #5,Bid #6,Bid #7,Bid #8,Bid #9,Bid #10,Reserve,Best Bid,Winning Bidder
0.0,204918.09478782627,411177.37603586743,,3867.418423584023,4940.161787546051,18203.393360268026,9125.240429174743,34458.814422752235,118036.62369388022,19047.461103364927,92872.86486789382,7011.387936314783,3743.191710188182,0.025,,2.586,2.025,0.55,1.096,0.291,0.085,0.526,0.108,1.427,2.672,0.091,0.09,investor 6
1.0,205231.81844345617,411905.2282959987,,3868.3848536683395,4944.099142178064,18223.09719361702,9128.78989026003,34510.56009604129,118071.16933016467,19051.173973870667,92955.62027800395,7019.777556164145,3741.642095931935,0.025,,2.586,2.023,0.549,1.096,0.29,0.085,0.525,0.108,1.425,2.673,0.091,0.09,investor 6
