Time,Home Value,HEP Expectation,Investor Valuations,Valuation #1,Valuation #2,Valuation #3,Valuation #4,Valuation #5,Valuation #6,Valuation #7,Valuation #8,Valuation #9,Valuation #10,E.D.B.,Investor Bids,Bid #1,Bid #2,Bid #3,Bid #4,Bid #5,Bid #6,Bid #7,Bid #8,Bid #9,Bid #10,Reserve,Best Bid,Winning Bidder
0.0,862039.7431857438,1641909.5920388615,,5115.303009309397,16531.538424101458,105651.20909980522,30521.27898771935,14119.53320254979,839569.768876489,63327.50948866652,18889.961778739573,12708.14356311911,60.0591394447584,0.007,,1.955,0.605,0.095,0.328,0.709,0.012,0.158,0.53,0.787,166.50300000000001,0.041,0.04,investor 6
1.0,861759.8302297161,1641220.224600308,,5113.3104845831895,16530.180852388265,105678.04169473938,30535.200008184296,14118.107200370441,839158.3636957972,63352.27413081192,18914.499538597258,12723.704268428477,60.05564815782062,0.007,,1.956,0.605,0.095,0.328,0.709,0.012,0.158,0.529,0.786,166.513,0.041,0.04,investor 6
