Time,Home Value,HEP Expectation,Investor Valuations,Valuation #1,Valuation #2,Valuation #3,Valuation #4,Valuation #5,Valuation #6,Valuation #7,Valuation #8,Valuation #9,Valuation #10,E.D.B.,Investor Bids,Bid #1,Bid #2,Bid #3,Bid #4,Bid #5,Bid #6,Bid #7,Bid #8,Bid #9,Bid #10,Reserve,Best Bid,Winning Bidder
0.0,357000.09333919676,687544.4155043787,,28967.298919272493,162169.83888582673,354338.28683932644,23103.63844026512,103396.59372861819,6709.483551612508,425389.0495616939,26913.852085669154,2761.4918812696187,149814.09071597614,0.015,,0.34600000000000003,0.062,0.029,0.433,0.097,1.491,0.024,0.372,3.622,0.067,0.065,0.028,investor 7
1.0,356560.3121864359,686512.8921545449,,28967.59954505384,162168.7501054322,354534.38495258265,23112.52085087936,103507.29130361229,6712.406988952074,425316.54915274144,26923.061026973326,2765.0447642237386,149819.47862255637,0.015,,0.34600000000000003,0.062,0.029,0.433,0.097,1.49,0.024,0.372,3.617,0.067,0.065,0.028,investor 7
