Time,Home Value,HEP Expectation,Investor Valuations,Valuation #1,Valuation #2,Valuation #3,Valuation #4,Valuation #5,Valuation #6,Valuation #7,Valuation #8,Valuation #9,Valuation #10,E.D.B.,Investor Bids,Bid #1,Bid #2,Bid #3,Bid #4,Bid #5,Bid #6,Bid #7,Bid #8,Bid #9,Bid #10,Reserve,Best Bid,Winning Bidder
0.0,250382.91892876252,400038.5422727912,,14258.961382830312,339551.5010798685,18430.70616936681,25422.569844963953,9350.32207009903,123879.39289884549,354934.91751280334,393920.66614011134,55985.74242744339,133803.40635226204,0.025,,0.7020000000000001,0.03,0.543,0.394,1.07,0.081,0.029,0.026000000000000002,0.179,0.075,0.162,0.028,investor 8
1.0,249883.5019727099,398942.8491235762,,14258.738875657842,339614.34367688285,18436.89164419204,25431.59070133336,9365.667057333087,124086.7828008836,355133.4504027115,394236.6541580406,56013.15254815036,133880.97825492272,0.026000000000000002,,0.7020000000000001,0.03,0.543,0.394,1.068,0.081,0.029,0.026000000000000002,0.179,0.075,0.162,0.028,investor 8
