Time,Home Value,HEP Expectation,Investor Valuations,Valuation #1,Valuation #2,Valuation #3,Valuation #4,Valuation #5,Valuation #6,Valuation #7,Valuation #8,Valuation #9,Valuation #10,E.D.B.,Investor Bids,Bid #1,Bid #2,Bid #3,Bid #4,Bid #5,Bid #6,Bid #7,Bid #8,Bid #9,Bid #10,Reserve,Best Bid,Winning Bidder
0.0,201087.9323980488,412094.9720514685,,108120.02612894485,1634.8697926450507,94010.36591768342,209018.27716697782,1574.6555036177426,160982.6033079614,2447.462203734159,90126.2640759712,212251.59729134708,3361.751364486142,0.025,,0.093,6.117,0.107,0.048,6.351,0.063,4.086,0.111,0.048,2.975,0.08600000000000001,0.048,investor 4
1.0,201524.11968335343,413126.7528299898,,108293.46738360779,1636.501562169754,94056.90445347548,208958.54669574677,1575.3872483883506,161094.16869883216,2448.77459211149,90031.57948181586,212450.2924227765,3366.797752044319,0.025,,0.093,6.111,0.107,0.048,6.348,0.063,4.0840000000000005,0.112,0.048,2.971,0.08600000000000001,0.048,investor 4
