Time,Home Value,HEP Expectation,Investor Valuations,Valuation #1,Valuation #2,Valuation #3,Valuation #4,Valuation #5,Valuation #6,Valuation #7,Valuation #8,Valuation #9,Valuation #10,E.D.B.,Investor Bids,Bid #1,Bid #2,Bid #3,Bid #4,Bid #5,Bid #6,Bid #7,Bid #8,Bid #9,Bid #10,Reserve,Best Bid,Winning Bidder
0.0,108662.09427116784,158187.186216902,,4579.651392009686,117265.85055287724,127621.35698394587,30493.996633971332,14334.757576132557,15260.780250288435,508077.7133278069,1098.548091586313,51884.98156449465,101992.56150398191,0.064,,2.184,0.08600000000000001,0.079,0.328,0.6980000000000001,0.656,0.02,9.103,0.193,0.099,0.398,0.078,investor 7
1.0,108653.70813571232,158169.5968921715,,4580.8386859293405,117268.89572928585,127670.28375610358,30480.04088069264,14335.138671805833,15263.452168399881,508193.4085403674,1098.7937472850506,51928.58944654219,102047.16883263242,0.064,,2.184,0.08600000000000001,0.079,0.329,0.6980000000000001,0.656,0.02,9.101,0.193,0.098,0.398,0.078,investor 7
