Time,Home Value,HEP Expectation,Investor Valuations,Valuation #1,Valuation #2,Valuation #3,Valuation #4,Valuation #5,Valuation #6,Valuation #7,Valuation #8,Valuation #9,Valuation #10,E.D.B.,Investor Bids,Bid #1,Bid #2,Bid #3,Bid #4,Bid #5,Bid #6,Bid #7,Bid #8,Bid #9,Bid #10,Reserve,Best Bid,Winning Bidder
0.0,101771.56776701497,197276.16916627678,,22831.968868784024,24482.42634738981,314758.7668140527,18079.383354941754,18752.500855981652,5063.894392003658,39286.58852932806,7388.5257130863565,8417.67492351403,6811.253897048718,0.051000000000000004,,0.438,0.40900000000000003,0.032,0.554,0.534,1.975,0.255,1.354,1.188,1.469,0.263,0.254,investor 3
1.0,101946.2015088287,197698.16070881527,,22837.4712731734,24506.946281954046,314829.6349561878,18085.99605407073,18761.227357006763,5065.928886920263,39279.47213695929,7393.885525226946,8414.472485094964,6816.615562977099,0.051000000000000004,,0.438,0.40900000000000003,0.032,0.553,0.534,1.974,0.255,1.353,1.189,1.468,0.263,0.254,investor 3
