Time,Home Value,HEP Expectation,Investor Valuations,Valuation #1,Valuation #2,Valuation #3,Valuation #4,Valuation #5,Valuation #6,Valuation #7,Valuation #8,Valuation #9,Valuation #10,E.D.B.,Investor Bids,Bid #1,Bid #2,Bid #3,Bid #4,Bid #5,Bid #6,Bid #7,Bid #8,Bid #9,Bid #10,Reserve,Best Bid,Winning Bidder
0.0,243340.07645733943,463530.4859070019,,276404.33546202583,344.40741263558857,57812.54412211064,228016.13119056547,941.8955777286632,194920.66390994092,8273.577536004637,24861.16867738811,720122.0179858058,139505.2732200376,0.022,,0.037,29.036,2.0,0.044,10.617,0.052000000000000005,1.209,0.403,0.014,0.07200000000000001,0.09,0.036,investor 9
1.0,243281.02607362386,463392.9682272324,,276589.2928294208,344.65836851128125,57813.1324500821,228105.21382435414,941.809551063184,194904.10510489874,8268.724347120255,24859.58121666289,720561.9844379126,139592.32519717992,0.022,,0.037,29.015,2.0,0.044,10.618,0.052000000000000005,1.21,0.403,0.014,0.07200000000000001,0.09,0.036,investor 9
