Time,Home Value,HEP Expectation,Investor Valuations,Valuation #1,Valuation #2,Valuation #3,Valuation #4,Valuation #5,Valuation #6,Valuation #7,Valuation #8,Valuation #9,Valuation #10,E.D.B.,Investor Bids,Bid #1,Bid #2,Bid #3,Bid #4,Bid #5,Bid #6,Bid #7,Bid #8,Bid #9,Bid #10,Reserve,Best Bid,Winning Bidder
0.0,155627.73803728406,232508.9737274956,,559987.567315003,33645.718453474554,388321.0871474331,90639.0092793895,21288.339355167518,154113.3124515818,51994.5169432401,464812.67260591977,15903.242263682323,103191.35427013836,0.044,,0.018000000000000002,0.298,0.026000000000000002,0.111,0.47000000000000003,0.065,0.193,0.022,0.629,0.097,0.488,0.020999999999999998,investor 1
1.0,155789.01275092558,232865.28721428753,,560546.9661899382,33673.037195291385,388494.00447453494,90660.62604566329,21310.11906796835,153950.49188681264,52033.26970128257,464856.7621655428,15906.142779556447,103227.4105676136,0.043000000000000003,,0.018000000000000002,0.297,0.026000000000000002,0.111,0.47000000000000003,0.065,0.193,0.022,0.629,0.097,0.488,0.020999999999999998,investor 1
