Time,Home Value,HEP Expectation,Investor Valuations,Valuation #1,Valuation #2,Valuation #3,Valuation #4,Valuation #5,Valuation #6,Valuation #7,Valuation #8,Valuation #9,Valuation #10,E.D.B.,Investor Bids,Bid #1,Bid #2,Bid #3,Bid #4,Bid #5,Bid #6,Bid #7,Bid #8,Bid #9,Bid #10,Reserve,Best Bid,Winning Bidder
0.0,201310.48114597236,420478.9735118141,,788974.6365873014,152109.26691035036,60599.51113148078,332141.46639254317,113623.05099221993,93691.97526897499,569058.0343967236,14407.63214474607,1106096.083053673,3917.6025436506757,0.024,,0.013000000000000001,0.066,0.166,0.031,0.089,0.107,0.018000000000000002,0.6950000000000001,0.01,2.553,0.093,0.012,investor 9
1.0,201688.9489344017,421377.3044414459,,789052.6656497909,152092.61161725022,60584.02935673439,332287.5458328149,113595.62477734532,93740.95553880426,569117.3521548331,14420.501426331404,1106220.28605482,3922.7199460679913,0.024,,0.013000000000000001,0.066,0.166,0.031,0.089,0.107,0.018000000000000002,0.6940000000000001,0.01,2.5500000000000003,0.093,0.012,investor 9
