Time,Home Value,HEP Expectation,Investor Valuations,Valuation #1,Valuation #2,Valuation #3,Valuation #4,Valuation #5,Valuation #6,Valuation #7,Valuation #8,Valuation #9,Valuation #10,E.D.B.,Investor Bids,Bid #1,Bid #2,Bid #3,Bid #4,Bid #5,Bid #6,Bid #7,Bid #8,Bid #9,Bid #10,Reserve,Best Bid,Winning Bidder
0.0,183395.98125502604,452597.5027215398,,3957.533761478038,42715.0636277929,66070.4775358564,152028.9500005292,421062.7798962985,9961.381274548721,393053.7870244923,4353.005145791633,61433.08425289756,36672.36805304984,0.023,,2.527,0.23500000000000001,0.152,0.066,0.024,1.004,0.026000000000000002,2.298,0.163,0.273,0.121,0.025,investor 5
1.0,183683.5578859747,453423.50686690904,,3962.3060500255865,42748.633465148676,66135.67863002626,152022.7499089528,421522.750976737,9971.420492408786,392986.6626411735,4356.550867489948,61483.19042219234,36697.452405343756,0.023,,2.524,0.234,0.152,0.066,0.024,1.0030000000000001,0.026000000000000002,2.2960000000000003,0.163,0.273,0.121,0.025,investor 5
