Time,Home Value,HEP Expectation,Investor Valuations,Valuation #1,Valuation #2,Valuation #3,Valuation #4,Valuation #5,Valuation #6,Valuation #7,Valuation #8,Valuation #9,Valuation #10,E.D.B.,Investor Bids,Bid #1,Bid #2,Bid #3,Bid #4,Bid #5,Bid #6,Bid #7,Bid #8,Bid #9,Bid #10,Reserve,Best Bid,Winning Bidder
0.0,153377.19878396305,261365.49245097314,,3651.7355903469056,169625.26370567773,25858.50024596975,688.2436886718748,91069.24162642346,178247.04979361763,10189.780469158079,16933.413862939313,312701.40769126866,17971.310015448165,0.039,,2.739,0.059000000000000004,0.387,14.530000000000001,0.11,0.057,0.982,0.591,0.032,0.557,0.263,0.056,investor 9
1.0,153529.17788578945,261717.01709453957,,3651.2276153607386,169706.88187907243,25852.69971156979,688.8511942140925,91154.79882227721,178292.48042812437,10193.44886911656,16942.686566525863,312801.23750349233,17981.293220120202,0.039,,2.739,0.059000000000000004,0.387,14.517,0.11,0.057,0.982,0.591,0.032,0.557,0.263,0.056,investor 9
