Time,Home Value,HEP Expectation,Investor Valuations,Valuation #1,Valuation #2,Valuation #3,Valuation #4,Valuation #5,Valuation #6,Valuation #7,Valuation #8,Valuation #9,Valuation #10,E.D.B.,Investor Bids,Bid #1,Bid #2,Bid #3,Bid #4,Bid #5,Bid #6,Bid #7,Bid #8,Bid #9,Bid #10,Reserve,Best Bid,Winning Bidder
0.0,377898.0998259401,889724.5363398725,,5231.782970429834,2669.681150004579,1425378.7867983913,1097819.9965603775,1010.0750851575857,6997.457939930834,471140.810134003,78488.3509411958,16216.827625748516,22346.922159999925,0.012,,1.9120000000000001,3.746,0.008,0.01,9.901,1.43,0.022,0.128,0.617,0.448,0.228,0.009000000000000001,investor 3
1.0,376541.90517809376,885526.8397212283,,5237.949223022617,2669.8164629030916,1426281.597913951,1098327.0521813077,1010.7625924905981,7003.460087925137,471337.50036083796,78539.14315920937,16220.713571906343,22345.560977055677,0.012,,1.9100000000000001,3.746,0.008,0.01,9.894,1.428,0.022,0.128,0.617,0.448,0.228,0.009000000000000001,investor 3
