Time,Home Value,HEP Expectation,Investor Valuations,Valuation #1,Valuation #2,Valuation #3,Valuation #4,Valuation #5,Valuation #6,Valuation #7,Valuation #8,Valuation #9,Valuation #10,E.D.B.,Investor Bids,Bid #1,Bid #2,Bid #3,Bid #4,Bid #5,Bid #6,Bid #7,Bid #8,Bid #9,Bid #10,Reserve,Best Bid,Winning Bidder
0.0,280694.41849455703,535167.3751064528,,35323.31000697593,2086459.1474424852,6599.231171138854,495.226229678301,38177.621221238536,13668.571189359254,90312.26300209136,6082.356843766775,17894.670773298203,9455.411443720674,0.019,,0.28400000000000003,0.005,1.516,20.193,0.262,0.732,0.111,1.645,0.559,1.058,0.081,0.08,investor 2
1.0,280447.9119665916,534592.1489862836,,35365.20879934178,2086514.7591155707,6599.05716475193,495.19195580128275,38202.029576840796,13676.174453190659,90382.74934895773,6083.371046456953,17890.690176560234,9463.583761767886,0.019,,0.28300000000000003,0.005,1.516,20.195,0.262,0.732,0.111,1.6440000000000001,0.559,1.057,0.081,0.08,investor 2
