Time,Home Value,HEP Expectation,Investor Valuations,Valuation #1,Valuation #2,Valuation #3,Valuation #4,Valuation #5,Valuation #6,Valuation #7,Valuation #8,Valuation #9,Valuation #10,E.D.B.,Investor Bids,Bid #1,Bid #2,Bid #3,Bid #4,Bid #5,Bid #6,Bid #7,Bid #8,Bid #9,Bid #10,Reserve,Best Bid,Winning Bidder
0.0,674556.0641091736,1372047.9114468137,,18984.008594107112,1321482.5437760858,3561.44467445013,740963.9116122733,7924.21397485025,92958.68192335925,9120.109922459114,1934.5164288835333,295843.04352127505,15726.100511513545,0.008,,0.527,0.008,2.8080000000000003,0.014,1.262,0.108,1.097,5.17,0.034,0.636,0.038,0.013000000000000001,investor 2
1.0,674475.1948681928,1371845.7312697836,,18981.69365216158,1321670.5995456052,3562.780707283494,741108.2019668021,7927.454113473751,93003.4770645582,9126.446976593767,1935.2915579325445,295924.7167278136,15726.471779195446,0.008,,0.527,0.008,2.807,0.014,1.262,0.108,1.096,5.168,0.034,0.636,0.038,0.013000000000000001,investor 2
