Time,Home Value,HEP Expectation,Investor Valuations,Valuation #1,Valuation #2,Valuation #3,Valuation #4,Valuation #5,Valuation #6,Valuation #7,Valuation #8,Valuation #9,Valuation #10,E.D.B.,Investor Bids,Bid #1,Bid #2,Bid #3,Bid #4,Bid #5,Bid #6,Bid #7,Bid #8,Bid #9,Bid #10,Reserve,Best Bid,Winning Bidder
0.0,865373.9202386049,2290615.120886625,,16276.482269474698,2566.308242801118,511960.2483160027,73676.01969428679,734664.1112769333,2187.851604838823,1294.164844696287,10574.895031534796,1485689.2274989628,39093.26484161879,0.005,,0.615,2.0,0.02,0.136,0.014,4.571,7.727,0.9460000000000001,0.007,0.256,0.055,0.013000000000000001,investor 9
1.0,865441.0750075963,2290836.9456272614,,16287.009370348711,2568.334367442818,512091.1804527084,73655.88175067375,734612.0829124106,2188.2030861885733,1295.2213447012932,10577.761080340899,1485603.3926227347,39081.017625119064,0.005,,0.614,2.0,0.02,0.136,0.014,4.57,7.721,0.9460000000000001,0.007,0.256,0.055,0.013000000000000001,investor 9
