Time,Home Value,HEP Expectation,Investor Valuations,Valuation #1,Valuation #2,Valuation #3,Valuation #4,Valuation #5,Valuation #6,Valuation #7,Valuation #8,Valuation #9,Valuation #10,E.D.B.,Investor Bids,Bid #1,Bid #2,Bid #3,Bid #4,Bid #5,Bid #6,Bid #7,Bid #8,Bid #9,Bid #10,Reserve,Best Bid,Winning Bidder
0.0,196937.42290746517,362817.4092999735,,33385.11917074994,6688.117181854767,61256.47458580247,27924.292897455318,88208.26089432919,57137.57028554752,18268.20707569335,64825.064449094265,111087.94327943388,11818.555528611507,0.028,,0.3,1.496,0.164,0.359,0.114,0.176,0.548,0.155,0.091,0.847,0.121,0.113,investor 9
1.0,196517.50271616908,361866.14560147724,,33396.604934897536,6692.454629194494,61311.86644901206,27897.265260484608,88251.56516389755,57225.99843680301,18293.291898247226,64838.48886346831,111162.464573894,11829.145186582396,0.028,,0.3,1.495,0.164,0.359,0.114,0.17500000000000002,0.547,0.155,0.09,0.846,0.121,0.113,investor 9
