Time,Home Value,HEP Expectation,Investor Valuations,Valuation #1,Valuation #2,Valuation #3,Valuation #4,Valuation #5,Valuation #6,Valuation #7,Valuation #8,Valuation #9,Valuation #10,E.D.B.,Investor Bids,Bid #1,Bid #2,Bid #3,Bid #4,Bid #5,Bid #6,Bid #7,Bid #8,Bid #9,Bid #10,Reserve,Best Bid,Winning Bidder
0.0,177938.11222862932,412979.4279197507,,735469.1006469316,935655.6834194734,77046.01755597322,12260.1240050599,30810.447022853266,67596.49712284106,1062.1483131368582,26298.35478694097,1274.922739199131,42087.678153889145,0.025,,0.014,0.011,0.13,0.8160000000000001,0.325,0.148,9.415000000000001,0.381,7.844,0.23800000000000002,0.098,0.013000000000000001,investor 2
1.0,177733.16499968726,412443.42311195383,,735337.5953958177,935677.9436846875,77126.51176188486,12260.020864922662,30828.362259003206,67590.64819382879,1063.2430106954896,26316.21656669969,1275.0383346878832,42104.291074534965,0.025,,0.014,0.011,0.13,0.8160000000000001,0.325,0.148,9.406,0.38,7.843,0.23800000000000002,0.098,0.013000000000000001,investor 2
