Time,Home Value,HEP Expectation,Investor Valuations,Valuation #1,Valuation #2,Valuation #3,Valuation #4,Valuation #5,Valuation #6,Valuation #7,Valuation #8,Valuation #9,Valuation #10,E.D.B.,Investor Bids,Bid #1,Bid #2,Bid #3,Bid #4,Bid #5,Bid #6,Bid #7,Bid #8,Bid #9,Bid #10,Reserve,Best Bid,Winning Bidder
0.0,291462.49793385155,677357.6935578486,,11711.4231789228,767.2036399693816,21403.729948547512,143010.8579557015,144409.10098534205,166100.9284274332,16175.983091445378,1176613.1840383206,49822.635218486525,17733.95078815261,0.015,,0.854,13.035,0.468,0.07,0.07,0.061,0.619,0.009000000000000001,0.201,0.5640000000000001,0.078,0.06,investor 8
1.0,291569.3660886406,677647.0064553736,,11724.288046807997,767.931189415456,21418.904719706665,143101.823503721,144569.40318034354,166241.7085074854,16189.462577162965,1176926.4980095085,49843.55004406622,17733.520016512975,0.015,,0.853,13.023,0.467,0.07,0.07,0.061,0.618,0.009000000000000001,0.201,0.5640000000000001,0.078,0.06,investor 8
