Time,Home Value,HEP Expectation,Investor Valuations,Valuation #1,Valuation #2,Valuation #3,Valuation #4,Valuation #5,Valuation #6,Valuation #7,Valuation #8,Valuation #9,Valuation #10,E.D.B.,Investor Bids,Bid #1,Bid #2,Bid #3,Bid #4,Bid #5,Bid #6,Bid #7,Bid #8,Bid #9,Bid #10,Reserve,Best Bid,Winning Bidder
0.0,123776.98789506603,213649.79126577746,,44396.085461058225,4971.245900267145,21964.404931692156,12920.471747744572,226683.36422931647,34368.894334034645,531856.7662906923,5143.990213833275,2671.778488084384,682.4777300761724,0.047,,0.226,2.012,0.456,0.774,0.045,0.291,0.019,1.945,3.743,14.653,0.591,0.044,investor 7
1.0,123690.99769048476,213439.9773731239,,44426.40704766312,4974.509478844676,21977.694242907317,12928.761480941803,226748.3098191496,34382.555177564296,532121.6348181944,5152.348486143239,2674.7234825142223,683.0333900286308,0.047,,0.226,2.011,0.456,0.774,0.045,0.291,0.019,1.941,3.739,14.641,0.591,0.044,investor 7
