Time,Home Value,HEP Expectation,Investor Valuations,Valuation #1,Valuation #2,Valuation #3,Valuation #4,Valuation #5,Valuation #6,Valuation #7,Valuation #8,Valuation #9,Valuation #10,E.D.B.,Investor Bids,Bid #1,Bid #2,Bid #3,Bid #4,Bid #5,Bid #6,Bid #7,Bid #8,Bid #9,Bid #10,Reserve,Best Bid,Winning Bidder
0.0,221295.82383527546,490546.95130012796,,17702.433147308402,20300.13851687833,431380.8492665795,163365.42533541282,24462.075106726195,9860.755018356092,59773.12748761094,1817050.1145663348,4723.729891075324,85418.62071014376,0.021,,0.5650000000000001,0.493,0.024,0.062,2.0,1.0150000000000001,0.168,0.006,2.117,0.11800000000000001,0.17200000000000001,0.023,investor 8
1.0,221121.07198389893,490057.21908083075,,17708.766330428334,20290.13577264961,431720.7960301996,163539.89573228822,24478.536014744273,9867.507202414949,59785.35182832916,1817672.5525701344,4726.824319572731,85453.60148986493,0.021,,0.5650000000000001,0.493,0.024,0.062,2.0,1.014,0.168,0.006,2.116,0.11800000000000001,0.17200000000000001,0.023,investor 8
