Time,Home Value,HEP Expectation,Investor Valuations,Valuation #1,Valuation #2,Valuation #3,Valuation #4,Valuation #5,Valuation #6,Valuation #7,Valuation #8,Valuation #9,Valuation #10,E.D.B.,Investor Bids,Bid #1,Bid #2,Bid #3,Bid #4,Bid #5,Bid #6,Bid #7,Bid #8,Bid #9,Bid #10,Reserve,Best Bid,Winning Bidder
0.0,199013.46309768345,380148.82593301876,,30799.36783889995,19265.643457916445,59866.306182062726,83182.6450411203,196330.34573407113,12204.283553942409,218361.30745130286,27116.79704922655,424332.8938096253,92368.73273561253,0.027,,0.325,0.52,0.168,0.121,0.051000000000000004,0.8200000000000001,0.046,0.369,0.024,0.109,0.145,0.045,investor 9
1.0,198413.63690139516,378696.39227258356,,30809.199392989176,19279.507319888744,59907.73920928638,83260.57080156775,196451.47926410058,12212.598419800632,218353.87068619736,27131.41435831203,424400.6056623314,92438.07497784596,0.027,,0.325,0.519,0.167,0.121,0.051000000000000004,0.8190000000000001,0.046,0.369,0.024,0.109,0.145,0.045,investor 9
