Time,Home Value,HEP Expectation,Investor Valuations,Valuation #1,Valuation #2,Valuation #3,Valuation #4,Valuation #5,Valuation #6,Valuation #7,Valuation #8,Valuation #9,Valuation #10,E.D.B.,Investor Bids,Bid #1,Bid #2,Bid #3,Bid #4,Bid #5,Bid #6,Bid #7,Bid #8,Bid #9,Bid #10,Reserve,Best Bid,Winning Bidder
0.0,118207.31532768405,238676.13326296926,,5686.279899203387,36266.4787066985,528060.4531304573,59600.44718219523,314202.3948505006,3609.821836806512,172583.53196506883,4537.1305208969125,10219.143203427355,139363.6561866152,0.042,,1.7590000000000001,0.276,0.019,0.168,0.032,2.771,0.058,2.205,0.979,0.07200000000000001,0.202,0.031,investor 3
1.0,117964.6419355419,238074.22946586073,,5691.568776916361,36259.02348326309,528472.5046012738,59640.514907111654,314347.0093654438,3613.1149017165326,172592.07366938578,4542.531686018514,10223.77126133914,139369.95303543875,0.043000000000000003,,1.7570000000000001,0.276,0.019,0.168,0.032,2.7680000000000002,0.058,2.202,0.979,0.07200000000000001,0.202,0.031,investor 3
