Time,Home Value,HEP Expectation,Investor Valuations,Valuation #1,Valuation #2,Valuation #3,Valuation #4,Valuation #5,Valuation #6,Valuation #7,Valuation #8,Valuation #9,Valuation #10,E.D.B.,Investor Bids,Bid #1,Bid #2,Bid #3,Bid #4,Bid #5,Bid #6,Bid #7,Bid #8,Bid #9,Bid #10,Reserve,Best Bid,Winning Bidder
0.0,165094.005607752,233214.76993681773,,368731.8542634019,276.7199669693529,14681.423302889056,256611.88622554348,46024.66565938722,25443.953994948515,236318.6322545439,45761.37459310451,459945.7294958773,141622.11957677035,0.043000000000000003,,0.028,36.138,0.682,0.039,0.218,0.394,0.043000000000000003,0.219,0.022,0.07100000000000001,-0.526,-0.526,
1.0,165433.7227739156,234027.12879600955,,368751.62617103773,276.7033245636188,14684.230123715224,256630.34010396566,46020.973440424736,25468.45305175604,236346.14344286366,45768.5571798756,459981.52857353847,141705.37351240218,0.043000000000000003,,0.028,36.14,0.682,0.039,0.218,0.393,0.043000000000000003,0.219,0.022,0.07100000000000001,-0.526,-0.526,
2.0,165420.34413530063,233995.1367252952,,368708.3565752978,276.67170918914246,14708.80779950526,256647.2609018766,46019.486904361955,25494.156866313686,236373.6931339638,45782.306626394966,460016.0235263883,141802.8388071103,0.043000000000000003,,0.028,36.144,0.68,0.039,0.218,0.393,0.043000000000000003,0.219,0.022,0.07100000000000001,-0.526,-0.526,
3.0,165248.4004644907,233583.971267153,,368695.8530460239,276.6296603348018,14716.491139062133,256669.19455021783,46016.79801625192,25517.979652202244,236401.17330901313,45791.55097659316,460061.4243080971,141895.78272499557,0.043000000000000003,,0.028,36.15,0.68,0.039,0.218,0.392,0.043000000000000003,0.219,0.022,0.07100000000000001,-0.526,-0.526,
4.0,165585.97383937344,234391.20372116813,,368674.0408069951,276.6124611316633,14718.521053332326,256693.0289400049,46014.83729636943,25541.595108926627,236428.61033457043,45805.33817081117,460120.7389905773,141994.57704149393,0.043000000000000003,,0.028,36.152,0.68,0.039,0.218,0.392,0.043000000000000003,0.219,0.022,0.07100000000000001,-0.526,-0.526,
