Time,Home Value,HEP Expectation,Investor Valuations,Valuation #1,Valuation #2,Valuation #3,Valuation #4,Valuation #5,Valuation #6,Valuation #7,Valuation #8,Valuation #9,Valuation #10,E.D.B.,Investor Bids,Bid #1,Bid #2,Bid #3,Bid #4,Bid #5,Bid #6,Bid #7,Bid #8,Bid #9,Bid #10,Reserve,Best Bid,Winning Bidder
0.0,329327.87995325314,731969.8901773626,,113208.67618965666,13549.199125643543,5379.062384235215,6828.952254212769,4248.373085005723,77147.38632831126,509981.15243102773,13304.676067786182,299.72190003910055,2252.939575554143,0.014,,0.089,0.739,1.86,1.465,2.354,0.13,0.02,0.752,33.365,4.439,0.059000000000000004,0.058,investor 7
1.0,329182.46232588484,731596.0647084813,,113203.78729171185,13552.317538957048,5380.338476258015,6833.1468335260615,4249.241082470305,77194.86560789637,510422.0648975795,13314.748115372446,300.2037466182314,2255.813090199015,0.014,,0.089,0.738,1.859,1.464,2.354,0.13,0.02,0.752,33.311,4.433,0.059000000000000004,0.058,investor 7
