Time,Home Value,HEP Expectation,Investor Valuations,Valuation #1,Valuation #2,Valuation #3,Valuation #4,Valuation #5,Valuation #6,Valuation #7,Valuation #8,Valuation #9,Valuation #10,E.D.B.,Investor Bids,Bid #1,Bid #2,Bid #3,Bid #4,Bid #5,Bid #6,Bid #7,Bid #8,Bid #9,Bid #10,Reserve,Best Bid,Winning Bidder
0.0,114718.81080449272,228179.93336702176,,10512.773798692744,874.005339752703,1900.212824085077,74478.05921105534,726478.9250501551,17834.874008033352,14290.110119383224,34400.78882925488,55974.58844459884,5725.554862670998,0.044,,0.9520000000000001,11.442,5.263,0.135,0.014,0.561,0.7000000000000001,0.291,0.179,1.747,0.256,0.134,investor 5
1.0,114444.4355747224,227492.6065680177,,10521.65193036503,875.3698161108758,1898.9558837075174,74549.32440099804,726470.8159097878,17855.585362142192,14298.288773708806,34435.018820738456,56004.87546619468,5721.575543447691,0.044,,0.9510000000000001,11.424,5.267,0.135,0.014,0.561,0.7000000000000001,0.291,0.179,1.748,0.256,0.134,investor 5
