Time,Home Value,HEP Expectation,Investor Valuations,Valuation #1,Valuation #2,Valuation #3,Valuation #4,Valuation #5,Valuation #6,Valuation #7,Valuation #8,Valuation #9,Valuation #10,E.D.B.,Investor Bids,Bid #1,Bid #2,Bid #3,Bid #4,Bid #5,Bid #6,Bid #7,Bid #8,Bid #9,Bid #10,Reserve,Best Bid,Winning Bidder
0.0,393919.1180538235,750999.2772279712,,1188150.6105607576,32005.36674104318,130806.37625904301,49887.65656324414,32976.545836039804,4844.748110031865,3183.16627745195,3837.0700219243245,58446.363045401755,6069.606151546958,0.014,,0.009000000000000001,0.313,0.077,0.201,0.304,2.065,3.142,2.607,0.17200000000000001,1.6480000000000001,0.122,0.076,investor 1
1.0,392482.91850656597,747331.880149485,,1189177.8008980353,31998.618054772276,130843.73132369391,49922.89466818347,33003.737852140715,4844.317898573748,3184.463285699339,3838.0672926629977,58489.69022865777,6073.676787625823,0.014,,0.009000000000000001,0.313,0.077,0.201,0.303,2.065,3.141,2.606,0.171,1.647,0.122,0.076,investor 1
