Time,Home Value,HEP Expectation,Investor Valuations,Valuation #1,Valuation #2,Valuation #3,Valuation #4,Valuation #5,Valuation #6,Valuation #7,Valuation #8,Valuation #9,Valuation #10,E.D.B.,Investor Bids,Bid #1,Bid #2,Bid #3,Bid #4,Bid #5,Bid #6,Bid #7,Bid #8,Bid #9,Bid #10,Reserve,Best Bid,Winning Bidder
0.0,294566.03258496505,671149.217717704,,618.6978486321854,443928.68664649694,14348.269130509861,1826.5854857727788,1890.029811160673,61545.033076583735,38501.42291754866,5235.531628153126,455670.05025881465,39868.03437813474,0.015,,16.163,0.023,0.6970000000000001,5.4750000000000005,5.291,0.163,0.26,1.911,0.022,0.251,0.076,0.022,investor 9
1.0,294230.14828086185,670259.1794605817,,618.897809541973,444259.8429756132,14354.711911797815,1826.4913762129106,1890.7726524193877,61559.59696616995,38501.72987417332,5237.525459467116,455942.9041714656,39937.189951291795,0.015,,16.158,0.023,0.6970000000000001,5.4750000000000005,5.289,0.163,0.26,1.9100000000000001,0.022,0.251,0.076,0.022,investor 9
