Time,Home Value,HEP Expectation,Investor Valuations,Valuation #1,Valuation #2,Valuation #3,Valuation #4,Valuation #5,Valuation #6,Valuation #7,Valuation #8,Valuation #9,Valuation #10,E.D.B.,Investor Bids,Bid #1,Bid #2,Bid #3,Bid #4,Bid #5,Bid #6,Bid #7,Bid #8,Bid #9,Bid #10,Reserve,Best Bid,Winning Bidder
0.0,358303.37525295914,882370.9380524968,,20068.689488850363,96734.52013189814,127175.37198034071,84180.22144898036,27128.863351241565,116780.96795649268,952.6176028975644,213441.0169391743,196569.76629886037,12638.321722737095,0.012,,0.499,0.10400000000000001,0.079,0.11900000000000001,0.369,0.08600000000000001,10.498,0.047,0.051000000000000004,0.792,0.062,0.05,investor 8
1.0,357257.9043076357,879399.6663254779,,20110.393488404654,96739.02251404017,127189.14276872764,84297.88700508542,27126.3226927061,116827.30266908476,953.2954333506461,213511.0656503796,196657.4712333229,12640.097673692855,0.012,,0.498,0.10400000000000001,0.079,0.11900000000000001,0.369,0.08600000000000001,10.49,0.047,0.051000000000000004,0.792,0.062,0.05,investor 8
