Time,Home Value,HEP Expectation,Investor Valuations,Valuation #1,Valuation #2,Valuation #3,Valuation #4,Valuation #5,Valuation #6,Valuation #7,Valuation #8,Valuation #9,Valuation #10,E.D.B.,Investor Bids,Bid #1,Bid #2,Bid #3,Bid #4,Bid #5,Bid #6,Bid #7,Bid #8,Bid #9,Bid #10,Reserve,Best Bid,Winning Bidder
0.0,202116.30687371542,446518.4224328926,,52643.173243705234,79991.39851407662,20850.15877437095,20633.632146055683,29338.017870977666,78153.79749664555,8762.843369961649,11919.592391078295,407582.2834131217,24144.628769456544,0.023,,0.19,0.126,0.48,0.485,0.341,0.128,1.1420000000000001,0.839,0.025,0.41500000000000004,0.116,0.115,investor 9
1.0,202336.53731548664,447100.5435500608,,52695.82706663487,80077.83062733045,20846.583558516806,20653.428754409997,29339.236495700145,78157.20880539795,8776.006424850753,11930.030425037357,407873.2490315797,24153.47850883532,0.023,,0.19,0.125,0.48,0.485,0.341,0.128,1.1400000000000001,0.839,0.025,0.41500000000000004,0.116,0.115,investor 9
