Time,Home Value,HEP Expectation,Investor Valuations,Valuation #1,Valuation #2,Valuation #3,Valuation #4,Valuation #5,Valuation #6,Valuation #7,Valuation #8,Valuation #9,Valuation #10,E.D.B.,Investor Bids,Bid #1,Bid #2,Bid #3,Bid #4,Bid #5,Bid #6,Bid #7,Bid #8,Bid #9,Bid #10,Reserve,Best Bid,Winning Bidder
0.0,249819.87017911772,484777.1725543297,,125828.80187293452,20625.013375917293,1865074.4325530366,5447.531036867991,249264.0069276821,182405.69136827916,1486.5536629495105,411.84738985888134,12310.165710510177,318009.30088288774,0.021,,0.08,0.485,0.006,1.836,0.041,0.055,6.727,24.281,0.8130000000000001,0.032,0.08,0.031,investor 3
1.0,250278.4198175508,485833.5221341214,,125896.06423613252,20625.630596398216,1865627.4931582382,5452.799259414754,249494.7105277673,182501.0086856368,1488.592130099841,412.1881228703468,12320.837053952206,317925.77046840003,0.021,,0.08,0.485,0.006,1.834,0.041,0.055,6.718,24.261,0.812,0.032,0.08,0.031,investor 3
