Time,Home Value,HEP Expectation,Investor Valuations,Valuation #1,Valuation #2,Valuation #3,Valuation #4,Valuation #5,Valuation #6,Valuation #7,Valuation #8,Valuation #9,Valuation #10,E.D.B.,Investor Bids,Bid #1,Bid #2,Bid #3,Bid #4,Bid #5,Bid #6,Bid #7,Bid #8,Bid #9,Bid #10,Reserve,Best Bid,Winning Bidder
0.0,94177.82444120702,204841.52393598552,,203.4431720968321,224721.7198943334,4197.616288060407,1868.6376407005387,1068.0062888548878,116592.91618092496,175656.28444454086,65318.04075735472,75495.52817179592,806.0616349289236,0.049,,49.154,0.045,2.383,5.352,9.364,0.08600000000000001,0.057,0.154,0.133,12.406,0.17,0.056,investor 2
1.0,94240.06095774144,204993.732552143,,203.64089828575433,224867.45377090058,4202.557894043242,1869.9937136594936,1068.2169859574556,116554.68005860965,175733.27821641593,65277.95604780297,75537.55890529919,805.9567926443315,0.049,,49.107,0.045,2.38,5.348,9.362,0.08600000000000001,0.057,0.154,0.133,12.408,0.17,0.056,investor 2
