Time,Home Value,HEP Expectation,Investor Valuations,Valuation #1,Valuation #2,Valuation #3,Valuation #4,Valuation #5,Valuation #6,Valuation #7,Valuation #8,Valuation #9,Valuation #10,E.D.B.,Investor Bids,Bid #1,Bid #2,Bid #3,Bid #4,Bid #5,Bid #6,Bid #7,Bid #8,Bid #9,Bid #10,Reserve,Best Bid,Winning Bidder
0.0,110425.71040222264,244850.20750552515,,2820.274819117737,760459.7426643375,6881.944737757435,137395.07525078265,227399.24622142664,57213.1306600405,142189.07503642287,97867.77050172312,29650.039938174985,7263.97754583365,0.041,,3.5460000000000003,0.014,1.454,0.073,0.044,0.17500000000000002,0.07100000000000001,0.10300000000000001,0.338,1.377,0.179,0.043,investor 2
1.0,110522.1228849627,245088.94728569733,,2821.300955101408,760707.7913542149,6884.211662829398,137491.50681285013,227384.81764680735,57238.466897875056,142118.64424704437,97968.77313981685,29657.18289782828,7276.444105877015,0.041,,3.545,0.014,1.453,0.073,0.044,0.17500000000000002,0.07100000000000001,0.10300000000000001,0.338,1.375,0.179,0.043,investor 2
