Time,Home Value,HEP Expectation,Investor Valuations,Valuation #1,Valuation #2,Valuation #3,Valuation #4,Valuation #5,Valuation #6,Valuation #7,Valuation #8,Valuation #9,Valuation #10,E.D.B.,Investor Bids,Bid #1,Bid #2,Bid #3,Bid #4,Bid #5,Bid #6,Bid #7,Bid #8,Bid #9,Bid #10,Reserve,Best Bid,Winning Bidder
0.0,310139.4013853578,733804.7833639169,,683.7527846815449,11764.649570456213,89332.93191543253,610552.867674139,8104.034582748545,395791.2660038396,1176777.7064212786,119542.80188890228,24492.343988483517,475721.8681729831,0.014,,14.626,0.851,0.112,0.017,1.234,0.026000000000000002,0.009000000000000001,0.084,0.40900000000000003,0.022,0.149,0.016,investor 7
1.0,309888.08434003155,733048.5275133975,,683.7812542808769,11775.648182856485,89401.41706086032,610638.6202512654,8102.099652835728,395738.28987212945,1177119.6146223084,119491.64984462196,24499.686064884594,475742.04931266187,0.014,,14.625,0.85,0.112,0.017,1.235,0.026000000000000002,0.009000000000000001,0.084,0.40900000000000003,0.022,0.149,0.016,investor 7
