Time,Home Value,HEP Expectation,Investor Valuations,Valuation #1,Valuation #2,Valuation #3,Valuation #4,Valuation #5,Valuation #6,Valuation #7,Valuation #8,Valuation #9,Valuation #10,E.D.B.,Investor Bids,Bid #1,Bid #2,Bid #3,Bid #4,Bid #5,Bid #6,Bid #7,Bid #8,Bid #9,Bid #10,Reserve,Best Bid,Winning Bidder
0.0,178105.43850988641,353240.4019610229,,85463.77842991424,49413.345361460284,55519.02597964999,46423.45671667818,17023.937476701238,724061.8266666044,1223838.142302737,73144.77349427756,531163.4012080418,68399.56796728782,0.029,,0.11800000000000001,0.203,0.181,0.216,0.588,0.014,0.009000000000000001,0.137,0.019,0.147,0.14,0.013000000000000001,investor 7
1.0,178144.28800704685,353332.99730445264,,85511.23253374582,49409.564117960705,55589.80026747408,46477.12874102107,17027.584919882436,724402.9951280303,1224312.1427539436,73187.8496317715,531416.6984249352,68464.86234815871,0.029,,0.117,0.203,0.18,0.216,0.588,0.014,0.009000000000000001,0.137,0.019,0.147,0.14,0.013000000000000001,investor 7
