Time,Home Value,HEP Expectation,Investor Valuations,Valuation #1,Valuation #2,Valuation #3,Valuation #4,Valuation #5,Valuation #6,Valuation #7,Valuation #8,Valuation #9,Valuation #10,E.D.B.,Investor Bids,Bid #1,Bid #2,Bid #3,Bid #4,Bid #5,Bid #6,Bid #7,Bid #8,Bid #9,Bid #10,Reserve,Best Bid,Winning Bidder
0.0,154839.0293964003,367179.9176406787,,621984.1793631273,5505.837790967348,11010.314398448892,22682.46819203198,101722.51376610837,185695.42415092373,6639.541170989374,781.5108500004848,1330469.6766199162,63689.479942332226,0.028,,0.017,1.817,0.909,0.441,0.099,0.054,1.5070000000000001,12.796000000000001,0.008,0.158,0.126,0.016,investor 9
1.0,154602.92522607563,366535.0336935481,,622285.8879038538,5509.124138666485,11012.294782464554,22699.603452444513,101747.44143489476,185819.6002042989,6643.267635703591,781.6482900884955,1330727.4134441756,63755.814870596885,0.028,,0.017,1.816,0.909,0.441,0.099,0.054,1.506,12.794,0.008,0.157,0.126,0.016,investor 9
