Time,Home Value,HEP Expectation,Investor Valuations,Valuation #1,Valuation #2,Valuation #3,Valuation #4,Valuation #5,Valuation #6,Valuation #7,Valuation #8,Valuation #9,Valuation #10,E.D.B.,Investor Bids,Bid #1,Bid #2,Bid #3,Bid #4,Bid #5,Bid #6,Bid #7,Bid #8,Bid #9,Bid #10,Reserve,Best Bid,Winning Bidder
0.0,160963.49229915146,374017.18084444356,,12749.681047634407,136948.13616474238,23005.51110818208,9430.563722814182,148232.50361831198,1265.29088843105,322980.3526752119,338939.22613308555,1807.1707927809146,19910.16624137052,0.027,,0.785,0.074,0.435,1.061,0.068,7.904,0.031,0.03,5.534,0.503,0.17400000000000002,0.03,investor 8
1.0,161109.22371056836,374429.9865389337,,12757.356950183947,137087.78450435575,23021.04176988748,9432.139055409394,148391.8203262778,1265.9856126116233,323081.45554159227,338988.7779369789,1808.1601061264973,19909.75240500085,0.027,,0.784,0.073,0.435,1.061,0.068,7.899,0.031,0.03,5.531,0.503,0.17400000000000002,0.03,investor 8
