Time,Home Value,HEP Expectation,Investor Valuations,Valuation #1,Valuation #2,Valuation #3,Valuation #4,Valuation #5,Valuation #6,Valuation #7,Valuation #8,Valuation #9,Valuation #10,E.D.B.,Investor Bids,Bid #1,Bid #2,Bid #3,Bid #4,Bid #5,Bid #6,Bid #7,Bid #8,Bid #9,Bid #10,Reserve,Best Bid,Winning Bidder
0.0,397153.754287201,725368.6799843216,,1157014.8145172729,160987.83433813712,103758.1918175443,165068.3816075141,1585577.5927478464,231942.34734503963,1068578.7884984284,14088.085015108927,257693.62138262182,26946.158083208567,0.014,,0.009000000000000001,0.063,0.097,0.061,0.007,0.044,0.01,0.71,0.039,0.372,0.089,0.008,investor 5
1.0,397217.89503656054,725521.2978979977,,1157509.9743859363,161016.12519670103,103831.8699811479,165136.8944995551,1586421.4061071712,231949.47728551584,1068848.6687004815,14092.746723572112,257895.1110553056,26951.43977911796,0.014,,0.009000000000000001,0.063,0.097,0.061,0.007,0.044,0.01,0.71,0.039,0.372,0.089,0.008,investor 5
