Time,Home Value,HEP Expectation,Investor Valuations,Valuation #1,Valuation #2,Valuation #3,Valuation #4,Valuation #5,Valuation #6,Valuation #7,Valuation #8,Valuation #9,Valuation #10,E.D.B.,Investor Bids,Bid #1,Bid #2,Bid #3,Bid #4,Bid #5,Bid #6,Bid #7,Bid #8,Bid #9,Bid #10,Reserve,Best Bid,Winning Bidder
0.0,99806.87657814434,223739.1718889662,,135909.68196781955,101679.88962011991,9304.555723930816,26839.111024349553,13331.367768286958,26423.164397249504,120944.57992608535,121806.06100509061,13816.477655790166,10741.377611869764,0.045,,0.074,0.099,1.075,0.373,0.751,0.379,0.083,0.083,0.724,0.931,0.221,0.082,investor 1
1.0,100020.96239448969,224311.57572134104,,136067.07003489265,101745.27776844312,9303.839452087148,26869.730005631165,13339.937910145527,26449.840846857405,121063.67636481971,121870.66020743902,13827.690419034787,10739.835595122207,0.045,,0.074,0.099,1.075,0.373,0.75,0.379,0.083,0.083,0.724,0.932,0.221,0.082,investor 1
