Time,Home Value,HEP Expectation,Investor Valuations,Valuation #1,Valuation #2,Valuation #3,Valuation #4,Valuation #5,Valuation #6,Valuation #7,Valuation #8,Valuation #9,Valuation #10,E.D.B.,Investor Bids,Bid #1,Bid #2,Bid #3,Bid #4,Bid #5,Bid #6,Bid #7,Bid #8,Bid #9,Bid #10,Reserve,Best Bid,Winning Bidder
0.0,325900.5792521806,746368.8424670332,,44016.626025895384,105865.01442918829,47839.63132186029,13487.007264235646,713.1024092623355,5806.550060011698,258254.2181680782,15138.240384782848,451446.049255871,33854.752209972256,0.014,,0.228,0.095,0.21,0.742,14.024000000000001,1.723,0.039,0.661,0.023,0.296,0.084,0.038,investor 9
1.0,324700.8759940878,743033.438901556,,44012.13692566174,105954.81090754649,47844.654786083556,13496.328369552019,713.1777783989768,5807.965729041725,258246.3076171201,15148.794531945417,451391.5262329024,33883.47253848858,0.014,,0.228,0.095,0.21,0.741,14.022,1.722,0.039,0.661,0.023,0.296,0.084,0.038,investor 9
