Time,Home Value,HEP Expectation,Investor Valuations,Valuation #1,Valuation #2,Valuation #3,Valuation #4,Valuation #5,Valuation #6,Valuation #7,Valuation #8,Valuation #9,Valuation #10,E.D.B.,Investor Bids,Bid #1,Bid #2,Bid #3,Bid #4,Bid #5,Bid #6,Bid #7,Bid #8,Bid #9,Bid #10,Reserve,Best Bid,Winning Bidder
0.0,172259.34796433005,323752.0704428357,,78042.7736359261,13982.023657274412,230011.22522991415,26612.46681650094,185869.89937959213,158288.07185700093,525919.7948722068,421955.2986130214,3079.3039071724975,3083.837910690949,0.031,,0.129,0.716,2.0,0.376,0.054,0.064,0.02,0.024,3.248,3.243,0.136,0.023,investor 7
1.0,172002.53339942452,323151.09099004633,,78038.15654101771,13988.843150283636,230096.6354847934,26629.921111904576,186105.39722456346,158405.57399428642,526196.7953826042,422284.86087711365,3080.9998950149757,3085.438241511011,0.031,,0.129,0.715,2.0,0.376,0.054,0.064,0.02,0.024,3.246,3.242,0.136,0.023,investor 7
