Time,Home Value,HEP Expectation,Investor Valuations,Valuation #1,Valuation #2,Valuation #3,Valuation #4,Valuation #5,Valuation #6,Valuation #7,Valuation #8,Valuation #9,Valuation #10,E.D.B.,Investor Bids,Bid #1,Bid #2,Bid #3,Bid #4,Bid #5,Bid #6,Bid #7,Bid #8,Bid #9,Bid #10,Reserve,Best Bid,Winning Bidder
0.0,169694.96208945973,392563.3757459907,,102994.88107021073,29535.337125280297,251453.8707146824,5759.334897834478,6129.635255564061,2092.0171906767905,705540.8577093426,170216.04906803562,7412.526543080815,1308160.2026724857,0.026000000000000002,,0.098,0.339,0.04,1.737,1.6320000000000001,4.781,0.015,0.059000000000000004,1.35,0.008,0.083,0.013999999999999999,investor 10
1.0,169071.2349556226,391012.73112662876,,103017.17417415188,29544.432884330563,251478.75190418816,5762.87603037545,6133.838348587875,2093.541355722027,705844.9317376566,170289.99232666966,7417.327660696685,1308373.25963678,0.026000000000000002,,0.098,0.339,0.04,1.736,1.631,4.777,0.015,0.059000000000000004,1.349,0.008,0.083,0.013999999999999999,investor 10
