Time,Home Value,HEP Expectation,Investor Valuations,Valuation #1,Valuation #2,Valuation #3,Valuation #4,Valuation #5,Valuation #6,Valuation #7,Valuation #8,Valuation #9,Valuation #10,E.D.B.,Investor Bids,Bid #1,Bid #2,Bid #3,Bid #4,Bid #5,Bid #6,Bid #7,Bid #8,Bid #9,Bid #10,Reserve,Best Bid,Winning Bidder
0.0,267724.28902778955,701638.4036417743,,24653.359578719144,49120.60307101684,493533.97783775686,501053.0221531319,33052.91137708679,4151.56321575294,811267.758298183,145337.05954511184,113969.3504068621,8856.235793806733,0.015,,0.406,0.20400000000000001,0.021,0.02,0.303,2.4090000000000003,0.013000000000000001,0.069,0.088,1.1300000000000001,0.07200000000000001,0.019,investor 7
1.0,268153.89428318385,702894.3207130764,,24673.581069153548,49156.13567299397,493742.5657957985,501392.93438309984,33062.93386688716,4153.401066342918,811517.9694919134,145411.04341201397,114050.06665720847,8860.316703661498,0.015,,0.406,0.20400000000000001,0.021,0.02,0.303,2.408,0.013000000000000001,0.069,0.088,1.129,0.07200000000000001,0.019,investor 7
