Time,Home Value,HEP Expectation,Investor Valuations,Valuation #1,Valuation #2,Valuation #3,Valuation #4,Valuation #5,Valuation #6,Valuation #7,Valuation #8,Valuation #9,Valuation #10,E.D.B.,Investor Bids,Bid #1,Bid #2,Bid #3,Bid #4,Bid #5,Bid #6,Bid #7,Bid #8,Bid #9,Bid #10,Reserve,Best Bid,Winning Bidder
0.0,115547.5058868815,273301.44016075414,,1859.650542843751,27681.668549920396,13549.887700318712,124579.70492458313,142563.51888775596,46694.12115031807,20593.594582488062,5956.349262307017,68002.54569439856,139598.43774987632,0.037,,5.378,0.362,0.739,0.081,0.07100000000000001,0.215,0.486,1.679,0.148,0.07200000000000001,0.199,0.07100000000000001,investor 5
1.0,115308.5789907233,272642.74788217724,,1860.344167859288,27740.51928446779,13561.338687899037,124650.94450646426,142704.6844223194,46706.44281773944,20610.88361697356,5960.72444372424,68003.87519882013,139771.33599321282,0.037,,5.376,0.361,0.738,0.081,0.07100000000000001,0.215,0.486,1.678,0.148,0.07200000000000001,0.199,0.07100000000000001,investor 5
