Time,Home Value,HEP Expectation,Investor Valuations,Valuation #1,Valuation #2,Valuation #3,Valuation #4,Valuation #5,Valuation #6,Valuation #7,Valuation #8,Valuation #9,Valuation #10,E.D.B.,Investor Bids,Bid #1,Bid #2,Bid #3,Bid #4,Bid #5,Bid #6,Bid #7,Bid #8,Bid #9,Bid #10,Reserve,Best Bid,Winning Bidder
0.0,178556.70789948624,293656.3778527908,,2084.449994491223,8102.600476418316,8906.401429659089,2166.1354724671146,19087.2984548692,1316274.7534282021,10426.212515619272,152950.49464584058,119576.23839846555,36292.441252692464,0.035,,4.798,1.235,1.123,4.617,0.524,0.008,0.96,0.066,0.084,0.276,0.192,0.065,investor 6
1.0,178734.14293013813,294043.21275122534,,2086.2792701111985,8105.148170995207,8912.423606976163,2167.9038606057024,19100.636307294255,1316529.9229865065,10430.780955761757,153063.27551232566,119571.44904864719,36296.023118265715,0.035,,4.7940000000000005,1.234,1.123,4.613,0.524,0.008,0.9590000000000001,0.066,0.084,0.276,0.192,0.065,investor 6
