Time,Home Value,HEP Expectation,Investor Valuations,Valuation #1,Valuation #2,Valuation #3,Valuation #4,Valuation #5,Valuation #6,Valuation #7,Valuation #8,Valuation #9,Valuation #10,E.D.B.,Investor Bids,Bid #1,Bid #2,Bid #3,Bid #4,Bid #5,Bid #6,Bid #7,Bid #8,Bid #9,Bid #10,Reserve,Best Bid,Winning Bidder
0.0,223443.54122617087,526543.9528797665,,290119.8305142812,6541.522973386651,4950.332200541358,567539.4457214344,4700.22561786749,100023.06122233914,129182.4125265692,16397.00587666391,172183.77988669093,26590.381859370405,0.019,,0.035,1.5290000000000001,2.021,0.018000000000000002,2.128,0.1,0.078,0.61,0.059000000000000004,0.377,0.28,0.034,investor 4
1.0,223818.2412698601,527683.8666843764,,290312.77408002113,6541.607862938656,4953.680532251197,568027.0779784677,4700.716975345101,100008.0081067154,129213.27729276304,16414.563194733168,172365.31978237774,26618.351974171648,0.019,,0.035,1.5290000000000001,2.019,0.018000000000000002,2.128,0.1,0.078,0.61,0.059000000000000004,0.376,0.28,0.034,investor 4
