Time,Home Value,HEP Expectation,Investor Valuations,Valuation #1,Valuation #2,Valuation #3,Valuation #4,Valuation #5,Valuation #6,Valuation #7,Valuation #8,Valuation #9,Valuation #10,E.D.B.,Investor Bids,Bid #1,Bid #2,Bid #3,Bid #4,Bid #5,Bid #6,Bid #7,Bid #8,Bid #9,Bid #10,Reserve,Best Bid,Winning Bidder
0.0,361102.90686788165,796945.4925722799,,598418.1896523647,1571.2732834252886,98721.23599791246,837052.0925909873,90855.97045202597,247237.8091273025,56962.4532819076,12619.358852319334,32567.82127778061,13703.991936193315,0.013000000000000001,,0.017,6.365,0.10200000000000001,0.012,0.111,0.041,0.176,0.793,0.308,0.73,0.083,0.016,investor 4
1.0,360689.46539273515,795818.4660115961,,598625.2120206958,1571.5425957444943,98763.3303134738,837218.5464484007,90906.27110639917,247209.0184563915,56979.01455061436,12629.032879814158,32596.44921293497,13714.51408908513,0.013000000000000001,,0.017,6.364,0.10200000000000001,0.012,0.111,0.041,0.176,0.792,0.307,0.73,0.083,0.016,investor 4
