Time,Home Value,HEP Expectation,Investor Valuations,Valuation #1,Valuation #2,Valuation #3,Valuation #4,Valuation #5,Valuation #6,Valuation #7,Valuation #8,Valuation #9,Valuation #10,E.D.B.,Investor Bids,Bid #1,Bid #2,Bid #3,Bid #4,Bid #5,Bid #6,Bid #7,Bid #8,Bid #9,Bid #10,Reserve,Best Bid,Winning Bidder
0.0,173875.09191892348,409001.86975778703,,40253.07927785115,406372.923761,22948.604701855802,21627.020433101374,19849.810156507217,6924.349122547185,16043.054192194826,79745.37768508597,56267.0363952274,352049.43502570933,0.025,,0.249,0.025,0.436,0.463,0.504,1.445,0.624,0.126,0.178,0.029,0.14300000000000002,0.028,investor 2
1.0,173495.53104465088,407931.6795914205,,40264.91637530111,406518.5581285029,22962.441993536515,21640.354668125485,19872.710973313053,6923.029167869322,16055.376779004599,79762.5359099876,56273.19400445923,352125.967383838,0.025,,0.249,0.025,0.436,0.463,0.504,1.445,0.623,0.126,0.178,0.029,0.14300000000000002,0.028,investor 2
