Time,Home Value,HEP Expectation,Investor Valuations,Valuation #1,Valuation #2,Valuation #3,Valuation #4,Valuation #5,Valuation #6,Valuation #7,Valuation #8,Valuation #9,Valuation #10,E.D.B.,Investor Bids,Bid #1,Bid #2,Bid #3,Bid #4,Bid #5,Bid #6,Bid #7,Bid #8,Bid #9,Bid #10,Reserve,Best Bid,Winning Bidder
0.0,359564.91811318306,858803.7223778307,,577831.7047967094,15991.21572850984,107394.81811806954,41727.28623223005,167201.46229998948,59800.319801545396,2354539.6876162537,532186.7763414765,41245.57224507044,2755.4552780190793,0.012,,0.018000000000000002,0.626,0.094,0.24,0.06,0.168,0.005,0.019,0.243,2.0,0.04,0.017,investor 7
1.0,361098.9320795172,862775.9787255774,,577811.396985865,16006.95671159131,107465.47047566746,41774.68930233992,167250.97722391688,59858.78454590472,2355483.001978428,532007.6391164328,41252.24441863073,2759.3277442209555,0.012,,0.018000000000000002,0.625,0.094,0.24,0.06,0.168,0.005,0.019,0.243,2.0,0.04,0.017,investor 7
