Time,Home Value,HEP Expectation,Investor Valuations,Valuation #1,Valuation #2,Valuation #3,Valuation #4,Valuation #5,Valuation #6,Valuation #7,Valuation #8,Valuation #9,Valuation #10,E.D.B.,Investor Bids,Bid #1,Bid #2,Bid #3,Bid #4,Bid #5,Bid #6,Bid #7,Bid #8,Bid #9,Bid #10,Reserve,Best Bid,Winning Bidder
0.0,185906.99111530333,415639.0603797842,,14454.8355901592,3051.6451911012955,37984.1921846412,3323.105644974031,79710.84623310239,341464.5958910453,6337.6212692756935,260382.12345799615,16366.672237206192,47470.78726579558,0.025,,0.6920000000000001,3.277,0.264,3.0100000000000002,0.126,0.03,1.578,0.039,0.611,0.211,0.094,0.038,investor 6
1.0,186328.7941000066,416689.7354321019,,14462.674999794306,3052.3215513518217,38000.849998643214,3323.303490055085,79811.40315711414,341609.62032020115,6338.622623850397,260355.71384237066,16369.696672624605,47464.04494007431,0.024,,0.6920000000000001,3.277,0.264,3.0100000000000002,0.126,0.03,1.578,0.039,0.611,0.211,0.094,0.038,investor 6
