Time,Home Value,HEP Expectation,Investor Valuations,Valuation #1,Valuation #2,Valuation #3,Valuation #4,Valuation #5,Valuation #6,Valuation #7,Valuation #8,Valuation #9,Valuation #10,E.D.B.,Investor Bids,Bid #1,Bid #2,Bid #3,Bid #4,Bid #5,Bid #6,Bid #7,Bid #8,Bid #9,Bid #10,Reserve,Best Bid,Winning Bidder
0.0,235384.85895324725,530709.9091892279,,7655.86494183019,338342.34379248496,1503117.0089607888,6403.155974844121,196298.37217949322,308797.20918091934,17666.718091694507,3593.092184530396,2677.5529631947265,35774.21545793588,0.019,,1.307,0.03,0.007,1.562,0.051000000000000004,0.033,0.5670000000000001,2.7840000000000003,3.735,0.28,0.125,0.028999999999999998,investor 3
1.0,235399.33094870215,530749.8974052877,,7654.368429297868,338556.1470952155,1503395.8509510327,6407.434401924201,196395.87375687814,308934.83105415385,17681.568313796895,3597.259882348565,2676.9962806310796,35775.19068976014,0.019,,1.307,0.03,0.007,1.561,0.051000000000000004,0.033,0.5660000000000001,2.7800000000000002,3.736,0.28,0.125,0.028999999999999998,investor 3
