Time,Home Value,HEP Expectation,Investor Valuations,Valuation #1,Valuation #2,Valuation #3,Valuation #4,Valuation #5,Valuation #6,Valuation #7,Valuation #8,Valuation #9,Valuation #10,E.D.B.,Investor Bids,Bid #1,Bid #2,Bid #3,Bid #4,Bid #5,Bid #6,Bid #7,Bid #8,Bid #9,Bid #10,Reserve,Best Bid,Winning Bidder
0.0,231468.87811880506,549053.8156571437,,20804.603542113735,114253.9822013991,744686.2522972494,113955.67604332349,101540.6626044753,6373.915815817997,1728430.462461092,41160.5903315395,8493.103064046747,12259.117818347991,0.019,,0.481,0.088,0.014,0.088,0.099,2.0,0.006,0.243,1.178,0.8160000000000001,0.094,0.013000000000000001,investor 7
1.0,231762.25074536962,549868.5433356462,,20823.91277329879,114399.48219416378,744959.8223770809,113999.29653850876,101560.61658514744,6376.660975207512,1728605.67681287,41167.8710390915,8503.19940430287,12265.356930984408,0.019,,0.481,0.088,0.014,0.088,0.099,2.0,0.006,0.243,1.177,0.8160000000000001,0.094,0.013000000000000001,investor 7
