Time,Home Value,HEP Expectation,Investor Valuations,Valuation #1,Valuation #2,Valuation #3,Valuation #4,Valuation #5,Valuation #6,Valuation #7,Valuation #8,Valuation #9,Valuation #10,E.D.B.,Investor Bids,Bid #1,Bid #2,Bid #3,Bid #4,Bid #5,Bid #6,Bid #7,Bid #8,Bid #9,Bid #10,Reserve,Best Bid,Winning Bidder
0.0,122256.597149918,274913.5824176936,,93858.8430116935,122622.13867839403,25543.43448847793,1316845.0087177497,25347.33402024259,33803.5634193982,90291.67992736408,416521.5692742525,57205.50513344676,191587.24738316724,0.037,,0.107,0.082,0.392,0.008,0.395,0.296,0.111,0.025,0.17500000000000002,0.053,0.155,0.024,investor 4
1.0,122529.78494809296,275614.11114566564,,93881.78775743523,122716.3110518147,25540.286589524672,1316834.1452033476,25350.808046871876,33828.354457879446,90364.2795146183,416688.4120803429,57240.18554125992,191712.10001295016,0.037,,0.107,0.082,0.392,0.008,0.395,0.296,0.111,0.024,0.17500000000000002,0.053,0.155,0.024,investor 4
