Time,Home Value,HEP Expectation,Investor Valuations,Valuation #1,Valuation #2,Valuation #3,Valuation #4,Valuation #5,Valuation #6,Valuation #7,Valuation #8,Valuation #9,Valuation #10,E.D.B.,Investor Bids,Bid #1,Bid #2,Bid #3,Bid #4,Bid #5,Bid #6,Bid #7,Bid #8,Bid #9,Bid #10,Reserve,Best Bid,Winning Bidder
0.0,145787.25561629023,389262.831350972,,117220.33328228004,715.5332832215155,161206.60350193075,90926.62975498027,141115.89193813255,3738.020388324723,34640.73356552335,164921.6410348056,121778.94581787828,4886.128829266984,0.026000000000000002,,0.08600000000000001,13.976,0.063,0.11,0.07100000000000001,2.676,0.289,0.061,0.083,2.047,0.155,0.062,investor 8
1.0,145992.39791672135,389901.6758645586,,117310.93565784239,715.9640500318222,161228.82068405187,90902.53615333233,141278.76942643285,3743.554189449894,34658.85151684216,164973.5680743468,121872.41345276654,4892.040589675743,0.026000000000000002,,0.08600000000000001,13.968,0.063,0.111,0.07100000000000001,2.672,0.289,0.061,0.083,2.045,0.155,0.062,investor 8
