Time,Home Value,HEP Expectation,Investor Valuations,Valuation #1,Valuation #2,Valuation #3,Valuation #4,Valuation #5,Valuation #6,Valuation #7,Valuation #8,Valuation #9,Valuation #10,E.D.B.,Investor Bids,Bid #1,Bid #2,Bid #3,Bid #4,Bid #5,Bid #6,Bid #7,Bid #8,Bid #9,Bid #10,Reserve,Best Bid,Winning Bidder
0.0,227413.31261148522,538044.1953193073,,199108.26893445876,711168.7023159317,152043.4780705365,387495.8023730221,13677.198739427153,58657.22988397167,52908.62282100466,6813.69514581259,74271.22926845062,122123.88372798057,0.019,,0.051000000000000004,0.015,0.066,0.026000000000000002,0.732,0.171,0.19,1.468,0.135,0.082,0.1,0.025,investor 2
1.0,226800.7313472351,536332.4219016387,,199220.29669965964,711511.2952200914,152129.54692726806,387527.84985558916,13684.452714266785,58697.33771262368,52953.73181310357,6813.146973190854,74322.05113190567,122193.53702168712,0.019,,0.051000000000000004,0.015,0.066,0.026000000000000002,0.731,0.171,0.189,1.468,0.135,0.082,0.1,0.025,investor 2
