Time,Home Value,HEP Expectation,Investor Valuations,Valuation #1,Valuation #2,Valuation #3,Valuation #4,Valuation #5,Valuation #6,Valuation #7,Valuation #8,Valuation #9,Valuation #10,E.D.B.,Investor Bids,Bid #1,Bid #2,Bid #3,Bid #4,Bid #5,Bid #6,Bid #7,Bid #8,Bid #9,Bid #10,Reserve,Best Bid,Winning Bidder
0.0,173513.46015639164,270311.6407446737,,1200.4744472073928,160903.2791176877,176536.3925862932,258672.7918603962,528009.9419144912,12191.926383954356,12419.1571625174,192065.43821063783,19500.586931523914,73820.00409122917,0.037,,8.331,0.063,0.057,0.039,0.019,0.8210000000000001,0.806,0.053,0.513,0.136,0.624,0.038,investor 5
1.0,173623.53794105173,270565.783706076,,1201.9516061816303,161026.4520327732,176725.65957769912,258607.9147806871,528315.6881492996,12200.609048548364,12414.659387125315,192249.02702957997,19514.04752418675,73841.5537575941,0.037,,8.32,0.063,0.057,0.039,0.019,0.8200000000000001,0.806,0.053,0.513,0.136,0.624,0.038,investor 5
