Time,Home Value,HEP Expectation,Investor Valuations,Valuation #1,Valuation #2,Valuation #3,Valuation #4,Valuation #5,Valuation #6,Valuation #7,Valuation #8,Valuation #9,Valuation #10,E.D.B.,Investor Bids,Bid #1,Bid #2,Bid #3,Bid #4,Bid #5,Bid #6,Bid #7,Bid #8,Bid #9,Bid #10,Reserve,Best Bid,Winning Bidder
0.0,462882.9032299297,1010285.9966759087,,14520.359789859658,2320768.606561216,659237.9677486656,4589.053480020806,9518.108343674863,715345.6859888122,9862.491438349552,10724.997288473816,15804.177618876358,64133.99114500315,0.01,,0.6890000000000001,0.005,0.016,2.18,1.051,0.014,1.014,0.933,0.633,0.156,0.035,0.013000000000000001,investor 2
1.0,462835.4604501817,1010173.1909758261,,14531.526003213197,2321748.8067594245,659505.5988360216,4587.466409956332,9521.674503094007,716571.6881013887,9869.285969694403,10738.797962621653,15820.701279832274,64134.52026517062,0.01,,0.6890000000000001,0.005,0.016,2.18,1.051,0.014,1.014,0.932,0.633,0.156,0.035,0.013000000000000001,investor 2
