Time,Home Value,HEP Expectation,Investor Valuations,Valuation #1,Valuation #2,Valuation #3,Valuation #4,Valuation #5,Valuation #6,Valuation #7,Valuation #8,Valuation #9,Valuation #10,E.D.B.,Investor Bids,Bid #1,Bid #2,Bid #3,Bid #4,Bid #5,Bid #6,Bid #7,Bid #8,Bid #9,Bid #10,Reserve,Best Bid,Winning Bidder
0.0,471458.68450127164,938619.6507466474,,912816.100814837,5862.351623649245,685608.8745310247,210820.3836100307,7705.939566454494,63291.928297823695,7591.114470709383,9130.636791144878,3495.1324512751166,11505.80661654032,0.011,,0.011,1.706,0.015,0.048,1.298,0.158,1.318,1.096,2.862,0.87,0.048,0.013999999999999999,investor 1
1.0,470962.0755448199,937425.0889891804,,913536.9055201521,5865.402345581467,686220.7835572943,210884.38585262484,7710.576338978151,63309.67962595451,7589.327365861303,9144.594584727245,3497.321795944891,11515.756171363766,0.011,,0.011,1.705,0.015,0.048,1.297,0.158,1.318,1.094,2.86,0.869,0.048,0.013999999999999999,investor 1
