Time,Home Value,HEP Expectation,Investor Valuations,Valuation #1,Valuation #2,Valuation #3,Valuation #4,Valuation #5,Valuation #6,Valuation #7,Valuation #8,Valuation #9,Valuation #10,E.D.B.,Investor Bids,Bid #1,Bid #2,Bid #3,Bid #4,Bid #5,Bid #6,Bid #7,Bid #8,Bid #9,Bid #10,Reserve,Best Bid,Winning Bidder
0.0,235028.84902393646,464799.1660256481,,33266.50468144014,19049.498909459027,8975.552310087985,20756.55327725698,52974.42710390724,102800.42175353717,786566.7450568014,8263.841371008852,224531.44845606692,2777.349334134063,0.022,,0.301,0.525,1.115,0.482,0.189,0.098,0.013000000000000001,1.211,0.045,3.601,0.129,0.044,investor 7
1.0,234761.4222031544,464127.4187963557,,33284.236729610144,19047.310625681304,8984.054992207184,20762.581048329554,53007.989845043805,102857.91955896899,787351.407265069,8265.91914357355,224770.34870585188,2778.922341949809,0.022,,0.301,0.526,1.114,0.482,0.189,0.098,0.013000000000000001,1.21,0.045,3.599,0.129,0.044,investor 7
