Time,Home Value,HEP Expectation,Investor Valuations,Valuation #1,Valuation #2,Valuation #3,Valuation #4,Valuation #5,Valuation #6,Valuation #7,Valuation #8,Valuation #9,Valuation #10,E.D.B.,Investor Bids,Bid #1,Bid #2,Bid #3,Bid #4,Bid #5,Bid #6,Bid #7,Bid #8,Bid #9,Bid #10,Reserve,Best Bid,Winning Bidder
0.0,160363.30072080094,260010.055685016,,1042.7255440056804,122524.82427926913,38134.42963258587,6737.68287118031,132154.03696572725,76802.35152903646,6662.294920308134,20156.387256095448,42024.2949231982,25935.27379772304,0.039,,9.591000000000001,0.082,0.263,1.485,0.076,0.131,1.5010000000000001,0.497,0.23800000000000002,0.386,1.05,0.081,investor 5
1.0,160195.98529939822,259605.80521743436,,1043.2930816745136,122591.88352162218,38131.366909828255,6736.041529614264,132193.99857509273,76808.85884773122,6663.904822470677,20177.596118717727,42056.86437654175,25948.983220146743,0.039,,9.586,0.082,0.263,1.485,0.076,0.131,1.5010000000000001,0.496,0.23800000000000002,0.386,1.05,0.081,investor 5
