Time,Home Value,HEP Expectation,Investor Valuations,Valuation #1,Valuation #2,Valuation #3,Valuation #4,Valuation #5,Valuation #6,Valuation #7,Valuation #8,Valuation #9,Valuation #10,E.D.B.,Investor Bids,Bid #1,Bid #2,Bid #3,Bid #4,Bid #5,Bid #6,Bid #7,Bid #8,Bid #9,Bid #10,Reserve,Best Bid,Winning Bidder
0.0,174351.40191785563,381810.78798178874,,206171.34500354927,1102.2687908762582,47074.45821586249,5553.107736729914,7211.450161160593,839447.4672217873,181671.25154177664,18663.30577774106,3297.399619907744,83919.59705854952,0.027,,0.049,9.073,0.213,1.801,1.387,0.012,0.056,0.536,3.033,0.12,0.303,0.048,investor 6
1.0,174382.92264810845,381900.74442524184,,206248.28329634087,1102.9651585708816,47088.38853931919,5556.056731751923,7214.2307333534145,839509.7659803543,181852.63221480968,18663.723983737975,3299.523493154444,83922.34183068849,0.027,,0.049,9.067,0.213,1.8,1.387,0.012,0.055,0.536,3.031,0.12,0.303,0.048,investor 6
