Time,Home Value,HEP Expectation,Investor Valuations,Valuation #1,Valuation #2,Valuation #3,Valuation #4,Valuation #5,Valuation #6,Valuation #7,Valuation #8,Valuation #9,Valuation #10,E.D.B.,Investor Bids,Bid #1,Bid #2,Bid #3,Bid #4,Bid #5,Bid #6,Bid #7,Bid #8,Bid #9,Bid #10,Reserve,Best Bid,Winning Bidder
0.0,62629.43760736194,133429.44406638373,,17631.308949640355,167565.11733655992,42501.61978812744,299717.3429240881,19845.37262308979,205486.45318520887,57161.26987355566,173102.8392929647,423232.59051613125,16372.561487092164,0.075,,0.5680000000000001,0.06,0.23600000000000002,0.034,0.504,0.049,0.17500000000000002,0.058,0.024,0.611,0.63,0.033,investor 9
1.0,62619.09236593057,133401.31643990724,,17636.204004369432,167633.22528584156,42514.99097353194,299848.934758504,19842.62181154036,205597.51962021136,57228.22281045255,173181.79240964237,423418.7783782212,16386.394780702947,0.075,,0.5680000000000001,0.06,0.23600000000000002,0.034,0.504,0.049,0.17500000000000002,0.058,0.024,0.611,0.63,0.033,investor 9
