Time,Home Value,HEP Expectation,Investor Valuations,Valuation #1,Valuation #2,Valuation #3,Valuation #4,Valuation #5,Valuation #6,Valuation #7,Valuation #8,Valuation #9,Valuation #10,E.D.B.,Investor Bids,Bid #1,Bid #2,Bid #3,Bid #4,Bid #5,Bid #6,Bid #7,Bid #8,Bid #9,Bid #10,Reserve,Best Bid,Winning Bidder
0.0,186032.06931750572,382780.4313081624,,456619.0561390619,86956.50509894222,47839.80916818615,320847.2190308387,77800.83679805437,26995.614496107184,68880.53501451734,552731.9200552561,250847.10686269612,17998.926174587366,0.027,,0.022,0.116,0.21,0.032,0.129,0.371,0.146,0.019,0.04,0.556,0.224,0.020999999999999998,investor 8
1.0,186035.92100308117,382790.7410118156,,456924.38128578156,86950.56340425706,47841.48248206729,320963.3851862806,77822.39866897369,27040.22150645444,68925.53568560774,553047.0756480489,250966.0177871199,18016.349633022553,0.027,,0.022,0.116,0.21,0.032,0.129,0.37,0.146,0.019,0.04,0.556,0.224,0.020999999999999998,investor 8
