Time,Home Value,HEP Expectation,Investor Valuations,Valuation #1,Valuation #2,Valuation #3,Valuation #4,Valuation #5,Valuation #6,Valuation #7,Valuation #8,Valuation #9,Valuation #10,E.D.B.,Investor Bids,Bid #1,Bid #2,Bid #3,Bid #4,Bid #5,Bid #6,Bid #7,Bid #8,Bid #9,Bid #10,Reserve,Best Bid,Winning Bidder
0.0,115417.01321549603,310056.0128492,,9739.171744627667,11836.966843262388,37953.88903862506,74822.12736053791,20863.158423990575,123577.96460897136,142832.254487636,1094.6163316648501,6818.516211884872,39826.70677749737,0.033,,1.027,0.845,0.264,0.134,0.48,0.081,0.07100000000000001,9.136000000000001,1.467,0.252,0.23600000000000002,0.08,investor 7
1.0,115773.12581124931,311185.8067737679,,9741.55995499016,11854.424317676032,37981.399637880124,74789.32684133804,20864.159281413777,123593.51008033492,142934.5659994983,1093.955983715429,6821.284039191327,39823.05372946015,0.033,,1.027,0.844,0.264,0.134,0.48,0.081,0.07,9.142,1.466,0.252,0.23600000000000002,0.08,investor 7
