Time,Home Value,HEP Expectation,Investor Valuations,Valuation #1,Valuation #2,Valuation #3,Valuation #4,Valuation #5,Valuation #6,Valuation #7,Valuation #8,Valuation #9,Valuation #10,E.D.B.,Investor Bids,Bid #1,Bid #2,Bid #3,Bid #4,Bid #5,Bid #6,Bid #7,Bid #8,Bid #9,Bid #10,Reserve,Best Bid,Winning Bidder
0.0,326062.967985189,713060.1420585891,,1072445.6587137731,32784.3637153047,21732.267925591463,157025.88428048158,11929.944240297304,364447.5825777794,57450.052370381774,6487.783112148821,60764.775716227145,16656.60117048673,0.015,,0.01,0.306,0.461,0.064,0.839,0.028,0.17500000000000002,1.542,0.165,0.601,0.054,0.027,investor 1
1.0,326517.6423058221,714176.4232865887,,1072317.120480395,32774.04671863215,21757.266698112147,157210.13548835707,11935.939191972233,364655.50376443885,57489.642023492284,6494.202778346283,60740.977527345065,16661.517995541573,0.015,,0.01,0.306,0.46,0.064,0.838,0.028,0.17400000000000002,1.54,0.165,0.601,0.054,0.027,investor 1
