Time,Home Value,HEP Expectation,Investor Valuations,Valuation #1,Valuation #2,Valuation #3,Valuation #4,Valuation #5,Valuation #6,Valuation #7,Valuation #8,Valuation #9,Valuation #10,E.D.B.,Investor Bids,Bid #1,Bid #2,Bid #3,Bid #4,Bid #5,Bid #6,Bid #7,Bid #8,Bid #9,Bid #10,Reserve,Best Bid,Winning Bidder
0.0,162057.81913533347,259665.25173535765,,15470.228534674963,423534.2072427581,13133.308687280138,16174.471384269355,16918.245819771306,85874.54661278283,154931.63213677064,2641.8383304086674,54613.823469926676,918660.0951117525,0.039,,0.647,0.024,0.762,0.619,0.592,0.117,0.065,3.786,0.184,0.011,1.311,0.023,investor 10
1.0,161985.66613302275,259491.4008255314,,15472.393721570978,423440.5345576351,13142.350588604952,16190.196525531712,16918.77139014023,85849.70173720004,154995.38104302972,2642.6583528623123,54669.66788504133,918792.5883995641,0.039,,0.647,0.024,0.761,0.618,0.592,0.117,0.065,3.785,0.183,0.011,1.311,0.023,investor 10
