Time,Home Value,HEP Expectation,Investor Valuations,Valuation #1,Valuation #2,Valuation #3,Valuation #4,Valuation #5,Valuation #6,Valuation #7,Valuation #8,Valuation #9,Valuation #10,E.D.B.,Investor Bids,Bid #1,Bid #2,Bid #3,Bid #4,Bid #5,Bid #6,Bid #7,Bid #8,Bid #9,Bid #10,Reserve,Best Bid,Winning Bidder
0.0,164477.47730433955,352100.2240799846,,39777.1262744808,84181.71867220574,72877.29866891638,1130211.3774982744,34976.81528568412,39973.939650765264,810051.042699129,43548.13585248844,17485.17616615232,267247.975271621,0.029,,0.252,0.11900000000000001,0.138,0.009000000000000001,0.28600000000000003,0.251,0.013000000000000001,0.23,0.5720000000000001,0.038,0.214,0.012,investor 4
1.0,164514.5522975242,352200.80701140076,,39797.33084321334,84187.40397335755,72866.35374751811,1130492.4984676847,34974.45686924626,39992.88814190021,810015.6974923888,43557.15637912791,17492.001463103352,267341.5503339159,0.029,,0.252,0.11900000000000001,0.138,0.009000000000000001,0.28600000000000003,0.251,0.013000000000000001,0.23,0.5720000000000001,0.038,0.214,0.012,investor 4
