Time,Home Value,HEP Expectation,Investor Valuations,Valuation #1,Valuation #2,Valuation #3,Valuation #4,Valuation #5,Valuation #6,Valuation #7,Valuation #8,Valuation #9,Valuation #10,E.D.B.,Investor Bids,Bid #1,Bid #2,Bid #3,Bid #4,Bid #5,Bid #6,Bid #7,Bid #8,Bid #9,Bid #10,Reserve,Best Bid,Winning Bidder
0.0,191063.8638202762,327340.69996350975,,637201.7684745118,7954.719585115351,72970.56588116531,111923.68527534077,184559.08004160138,52525.12837148465,39097.07850324312,95420.25314590518,184846.07227352398,125929.5121517569,0.031,,0.016,1.258,0.138,0.09,0.055,0.191,0.256,0.105,0.055,0.08,0.214,0.054,investor 1
1.0,191239.83362820387,327750.77962585975,,637576.1147474804,7958.178958998121,73077.46540060148,111938.15992596286,184651.86306095961,52549.610230019054,39125.6018089238,95483.96188812266,184898.36121243908,125920.1895389877,0.031,,0.016,1.2570000000000001,0.137,0.09,0.055,0.191,0.256,0.105,0.055,0.08,0.214,0.054,investor 1
