Time,Home Value,HEP Expectation,Investor Valuations,Valuation #1,Valuation #2,Valuation #3,Valuation #4,Valuation #5,Valuation #6,Valuation #7,Valuation #8,Valuation #9,Valuation #10,E.D.B.,Investor Bids,Bid #1,Bid #2,Bid #3,Bid #4,Bid #5,Bid #6,Bid #7,Bid #8,Bid #9,Bid #10,Reserve,Best Bid,Winning Bidder
0.0,248865.66340564776,391057.13876395195,,1503973.1726999443,475577.51410734537,448529.909449426,19640.264790926474,675.4523572720663,22159.24413382113,11052.581142893185,69512.23326544663,25580.64182712983,6200.020039246097,0.026000000000000002,,0.007,0.022,0.023,0.51,14.805,0.452,0.905,0.14400000000000002,0.391,1.613,0.647,0.020999999999999998,investor 1
1.0,249083.64461220012,391573.1383626966,,1504259.3460924795,475573.4755696684,448724.41918502736,19652.6571364064,675.7397633695928,22172.53070468926,11053.188220410713,69554.54386717323,25606.27339651219,6208.247591552958,0.026000000000000002,,0.007,0.022,0.023,0.509,14.799,0.452,0.905,0.14400000000000002,0.391,1.611,0.647,0.020999999999999998,investor 1
