Time,Home Value,HEP Expectation,Investor Valuations,Valuation #1,Valuation #2,Valuation #3,Valuation #4,Valuation #5,Valuation #6,Valuation #7,Valuation #8,Valuation #9,Valuation #10,E.D.B.,Investor Bids,Bid #1,Bid #2,Bid #3,Bid #4,Bid #5,Bid #6,Bid #7,Bid #8,Bid #9,Bid #10,Reserve,Best Bid,Winning Bidder
0.0,193863.39347110374,430011.6735925413,,1740465.6551737403,76301.46512871706,10873.958557739907,130507.8678557008,7532.597765366884,713134.9330866011,280104.4296800208,97530.87647893369,159678.73112396817,1004919.8497391419,0.024,,0.006,0.132,0.92,0.077,1.328,0.015,0.036000000000000004,0.10300000000000001,0.063,0.01,0.127,0.009000000000000001,investor 1
1.0,194028.5761572524,430452.58795165154,,1740343.242690335,76298.48265745242,10881.852920562043,130613.1367994296,7536.905267237954,713521.1286020454,280176.2197805179,97550.059616207,159719.14831072654,1005097.2266753943,0.024,,0.006,0.132,0.919,0.077,1.327,0.015,0.036000000000000004,0.10300000000000001,0.063,0.01,0.127,0.009000000000000001,investor 1
