Time,Home Value,HEP Expectation,Investor Valuations,Valuation #1,Valuation #2,Valuation #3,Valuation #4,Valuation #5,Valuation #6,Valuation #7,Valuation #8,Valuation #9,Valuation #10,E.D.B.,Investor Bids,Bid #1,Bid #2,Bid #3,Bid #4,Bid #5,Bid #6,Bid #7,Bid #8,Bid #9,Bid #10,Reserve,Best Bid,Winning Bidder
0.0,187776.83448867823,406256.0584458613,,240708.06554811227,682108.0910585867,184069.07072964648,260875.92107203277,16693.299176064884,60852.73252533886,8174.736757784043,5848.380399781465,17980.370102576115,474873.26454121526,0.025,,0.042,0.015,0.055,0.039,0.6,0.165,1.224,1.71,0.557,0.022,0.149,0.020999999999999998,investor 2
1.0,188182.56104013073,407325.9060533552,,240828.0439323854,682613.2587753498,184052.48493946064,260952.15675039042,16712.378318635314,60879.912941208655,8171.798021537726,5853.224793854017,17990.317471145376,475131.22509946674,0.025,,0.042,0.015,0.055,0.039,0.599,0.165,1.224,1.709,0.556,0.022,0.149,0.020999999999999998,investor 2
