Time,Home Value,Equity,HEP Expectation,Investor Valuations,Valuation #1,Valuation #2,Valuation #3,Valuation #4,Valuation #5,Valuation #6,Valuation #7,Valuation #8,Valuation #9,Valuation #10,E.D.B.,Investor Bids,Bid #1,Bid #2,Bid #3,Bid #4,Bid #5,Bid #6,Bid #7,Bid #8,Bid #9,Bid #10,Reserve,Best Bid,Winning Bidder
0.0,153378.6580264642,-17624.739024383103,144556.99421507338,,60964.17252856985,43443.97607386077,19549.57792772641,9081.849182190132,18091.431610233736,27174.709722034902,37347.33311313081,100592.8505405066,101767.83579442838,44941.12030604423,0.07,,0.165,0.231,0.512,1.102,0.553,0.368,0.268,0.1,0.099,0.223,0.835,0.099,investor 9
1.0,152478.75505768432,-18524.64199316298,143063.37488453358,,61011.49621933522,43448.62192681395,19567.913841482437,9086.791925109734,18106.42800801072,27223.895246903372,37367.826499851915,100687.0953362651,101805.50843961119,44947.14493633631,0.07,,0.164,0.231,0.512,1.101,0.553,0.368,0.268,0.1,0.099,0.223,0.835,0.099,investor 9
361.0,150918.7219185984,-20084.6751322489,13906.935955309289,,78358.22649800514,45878.19090226457,25795.78088696218,11204.31080913162,23658.55509636114,45092.43868931643,44713.272388906305,128775.09025090306,116423.90788021199,47510.16817715031,1300.0,,7700.0,4500.0,2500.0,1100.0,2300.0,4400.0,4400.0,12700.0,0.099,4700.0,10200.0,10300.0,investor 8
362.0,150593.1012476075,-20410.295803239802,13853.43132069496,,78402.025249835,45884.24647776328,25812.331539468414,11210.428920800128,23673.200418538083,45140.58892782851,44732.80487894955,128845.82341448146,116462.09814139866,47517.38441758382,1300.0,,7700.0,4500.0,2500.0,1100.0,2300.0,4400.0,4400.0,12700.0,0.099,4700.0,10200.0,10300.0,investor 8
