Time,Home Value,Equity,HEP Expectation,Investor Valuations,Valuation #1,Valuation #2,Valuation #3,Valuation #4,Valuation #5,Valuation #6,Valuation #7,Valuation #8,Valuation #9,Valuation #10,E.D.B.,Investor Bids,Bid #1,Bid #2,Bid #3,Bid #4,Bid #5,Bid #6,Bid #7,Bid #8,Bid #9,Bid #10,Reserve,Best Bid,Winning Bidder
0.0,84869.85457224422,25310.677592621934,87223.14856698878,,30565.955446008516,15747.53987177978,6198.457174574316,19475.46900382167,55251.15379526535,16596.290960807877,52321.48837145719,21635.960787603988,37211.64427438789,36755.370430844916,0.115,,0.328,0.636,1.614,0.514,0.181,0.603,0.192,0.463,0.269,0.273,0.355,0.191,investor 5
1.0,84937.24473072565,25378.067751103365,87322.83268320847,,30570.70770112246,15764.059317522284,6199.000430491977,19485.880400009075,55278.78125945689,16599.622855295765,52363.02837283366,21642.949848443506,37252.03643126915,36793.04541721498,0.115,,0.328,0.635,1.614,0.514,0.181,0.603,0.191,0.463,0.269,0.272,0.355,0.191,investor 5
361.0,84390.68476568148,24831.507786059192,16524.242066100633,,32430.273817334804,20546.81605287484,6409.0941616456075,23155.40331697591,65257.20211447972,18135.858313656136,64260.774291694695,23957.589266663494,51318.63226430237,49876.05732307074,3100.0,,6100.0,3900.0,1200.0,4400.0,0.181,3400.0,12200.0,4500.0,9800.0,9500.0,11200.0,11300.0,investor 7
362.0,84501.77133849876,24942.59435887647,16555.627231430066,,32434.81860192515,20561.0107001252,6409.672532885962,23165.718868577474,65281.09815194342,18141.380722861555,64295.38388799916,23964.843967671346,51357.0901324556,49909.924678538526,3100.0,,6100.0,3900.0,1200.0,4400.0,0.181,3400.0,12200.0,4500.0,9800.0,9500.0,11200.0,11300.0,investor 7
