Time,Home Value,Equity,HEP Expectation,Investor Valuations,Valuation #1,Valuation #2,Valuation #3,Valuation #4,Valuation #5,Valuation #6,Valuation #7,Valuation #8,Valuation #9,Valuation #10,E.D.B.,Investor Bids,Bid #1,Bid #2,Bid #3,Bid #4,Bid #5,Bid #6,Bid #7,Bid #8,Bid #9,Bid #10,Reserve,Best Bid,Winning Bidder
0.0,144961.0220938197,18251.016212883405,151814.7768359082,,14462.051912354713,16771.771120918092,42707.65376648533,41015.32993259981,18526.235498368063,8876.078818639426,7728.047313200506,51868.209154917866,32429.49260893309,50632.47547878019,0.066,,0.6920000000000001,0.597,0.23500000000000001,0.244,0.54,1.127,1.294,0.193,0.309,0.198,0.256,0.197,investor 8
1.0,145429.5213260671,18719.51544513082,152568.88529353286,,14470.437974180759,16770.41589668156,42745.94676284673,41030.93341153648,18526.765285915524,8878.964799506033,7731.521310726942,51871.606971511166,32462.31930013578,50656.87460007543,0.066,,0.6920000000000001,0.597,0.234,0.244,0.54,1.127,1.294,0.193,0.309,0.198,0.256,0.197,investor 8
361.0,170440.91836270443,43730.912481768144,37987.091490130384,,17302.30641071737,15191.560720294974,55309.78399807029,45310.34211886893,18611.630674781856,10072.473170519035,9264.323286166373,52678.58517450007,43672.36035129695,59914.05067855776,7400.0,,3400.0,2900.0,10800.0,8900.0,3600.0,1900.0,1800.0,0.193,8600.0,11800.0,10200.0,10900.0,investor 10
362.0,170394.25935894865,43684.25347801237,37972.29609336956,,17310.799369572564,15186.801619837946,55344.09487350773,45323.536377881945,18611.250832396123,10076.560284232708,9268.509394564937,52679.40243050368,43703.57448621511,59937.66058590671,7400.0,,3400.0,2900.0,10900.0,8900.0,3600.0,1900.0,1800.0,0.193,8600.0,11800.0,10200.0,10900.0,investor 10
