Time,Home Value,Equity,HEP Expectation,Investor Valuations,Valuation #1,Valuation #2,Valuation #3,Valuation #4,Valuation #5,Valuation #6,Valuation #7,Valuation #8,Valuation #9,Valuation #10,E.D.B.,Investor Bids,Bid #1,Bid #2,Bid #3,Bid #4,Bid #5,Bid #6,Bid #7,Bid #8,Bid #9,Bid #10,Reserve,Best Bid,Winning Bidder
0.0,138892.71904918732,97284.45546302269,181334.66112386552,,96998.76575174443,82656.31531037732,35214.24561983474,20640.35279884941,14340.209655793193,12711.481407969484,14075.31304695136,38506.486885310034,25432.287240741567,40631.23119902273,0.056,,0.10400000000000001,0.121,0.28400000000000003,0.485,0.6980000000000001,0.787,0.711,0.26,0.394,0.247,0.117,0.116,investor 1
1.0,138868.17984738233,97259.9162612177,181297.8940093358,,96986.05071841234,82710.74125691073,35208.58572390953,20656.56142803723,14363.417623000334,12725.847379795321,14083.837026837204,38515.740820700266,25449.1124263096,40661.6398569933,0.056,,0.10400000000000001,0.121,0.28500000000000003,0.485,0.6970000000000001,0.786,0.711,0.26,0.393,0.246,0.117,0.116,investor 1
361.0,183794.57969187183,142186.3161057072,28838.895837231546,,90751.05841055885,105008.49610532903,32487.652763505423,26685.993713038602,21813.751278888893,17840.568100900422,17102.303116517076,41184.96373741627,31684.76294743747,50397.47017732263,3300.0,,0.10400000000000001,12100.0,3700.0,3000.0,2500.0,2000.0,1900.0,4700.0,3600.0,5800.0,9500.0,9600.0,investor 2
362.0,183375.97570658973,141767.7121204251,28766.141236171377,,90732.65975643834,105073.85951021242,32480.896546380096,26703.779400948784,21837.991891071084,17854.279006236316,17110.978136437006,41189.43696906882,31704.359252394835,50425.24846984384,3300.0,,0.10400000000000001,12100.0,3700.0,3000.0,2500.0,2000.0,1900.0,4700.0,3600.0,5800.0,9500.0,9600.0,investor 2
