Time,Home Value,Equity,HEP Expectation,Investor Valuations,Valuation #1,Valuation #2,Valuation #3,Valuation #4,Valuation #5,Valuation #6,Valuation #7,Valuation #8,Valuation #9,Valuation #10,E.D.B.,Investor Bids,Bid #1,Bid #2,Bid #3,Bid #4,Bid #5,Bid #6,Bid #7,Bid #8,Bid #9,Bid #10,Reserve,Best Bid,Winning Bidder
0.0,489020.5986244806,-101960.63556383975,430970.9954296627,,52821.26128492801,78893.3494731473,22687.95555652433,24572.35668768893,36911.259725648175,33428.81615415608,70902.84444129828,82390.41974395263,33913.949773258326,29018.75355533013,0.024,,0.19,0.127,0.441,0.40700000000000003,0.271,0.3,0.14200000000000002,0.122,0.295,0.34500000000000003,1.028,0.126,investor 8
1.0,489168.6348028391,-101812.59938548127,431216.5543136739,,52833.48135771131,78878.29846312078,22692.822134897033,24594.84573642439,36977.70116886675,33457.77451621457,70951.82527103947,82423.6423393074,33943.675653091355,29027.472622302685,0.024,,0.19,0.127,0.441,0.40700000000000003,0.271,0.299,0.14100000000000001,0.122,0.295,0.34500000000000003,1.028,0.126,investor 8
361.0,505918.3218753932,-85062.91231292713,57834.06753314617,,57262.92101950048,73432.69335731845,24608.877472408614,33317.67282391065,58197.597608527154,43805.30388298726,87731.31819647121,95087.96657188848,45438.48831135528,32256.435241002735,7200.0,,7200.0,9200.0,3100.0,4100.0,7300.0,5500.0,11000.0,0.122,5700.0,4000.0,10400.0,10500.0,investor 7
362.0,507940.8797517124,-83040.35443660797,58256.79385328282,,57275.24327953869,73413.49185237846,24614.74355808805,33344.25788660141,58253.20754454657,43831.546648479176,87787.98479401773,95123.22187630339,45467.12983062323,32265.80737502469,7300.0,,7200.0,9200.0,3100.0,4200.0,7300.0,5500.0,11000.0,0.122,5700.0,4000.0,10400.0,10500.0,investor 7
