Time,Home Value,Equity,HEP Expectation,Investor Valuations,Valuation #1,Valuation #2,Valuation #3,Valuation #4,Valuation #5,Valuation #6,Valuation #7,Valuation #8,Valuation #9,Valuation #10,E.D.B.,Investor Bids,Bid #1,Bid #2,Bid #3,Bid #4,Bid #5,Bid #6,Bid #7,Bid #8,Bid #9,Bid #10,Reserve,Best Bid,Winning Bidder
0.0,122688.85304034891,34121.16667449527,144032.08063611126,,23327.469535244567,58882.275533798136,46014.30280160943,49425.721306266656,54479.45728044855,32659.653997080724,75083.6155639988,28531.715078937093,11131.895202721442,29191.963993239424,0.07,,0.429,0.17,0.218,0.203,0.184,0.307,0.134,0.35100000000000003,0.899,0.343,0.24,0.169,investor 7
1.0,122615.8278938878,34048.14152803416,143912.43729189062,,23349.19118514387,58910.30201520861,46059.96462883426,49463.00386383626,54535.83505417007,32684.965367476194,75093.43854689998,28534.75004998258,11146.376746108013,29206.428218431814,0.07,,0.429,0.17,0.218,0.203,0.184,0.306,0.134,0.35100000000000003,0.898,0.343,0.24,0.169,investor 7
361.0,127361.53679497195,38793.850429118305,25635.22774661111,,31217.06425700279,69479.27585541685,61556.12834285324,62549.54819800768,73496.64416156814,41140.79172614563,79565.3255317067,29912.434082075655,16256.67262657909,34320.36699282078,4300.0,,5200.0,11700.0,10400.0,10500.0,12400.0,6900.0,0.134,5000.0,2700.0,5800.0,11900.0,12000.0,investor 5
362.0,127514.24449680996,38946.55813095631,25677.510547983555,,31237.911771865867,69507.3579421454,61596.54635366228,62584.43114015595,73545.50903598873,41163.96785425489,79581.32316535598,29916.860804619897,16271.478470985487,34334.36554141899,4300.0,,5200.0,11700.0,10400.0,10500.0,12400.0,6900.0,0.134,5000.0,2700.0,5800.0,11900.0,12000.0,investor 5
