Time,Home Value,Equity,HEP Expectation,Investor Valuations,Valuation #1,Valuation #2,Valuation #3,Valuation #4,Valuation #5,Valuation #6,Valuation #7,Valuation #8,Valuation #9,Valuation #10,E.D.B.,Investor Bids,Bid #1,Bid #2,Bid #3,Bid #4,Bid #5,Bid #6,Bid #7,Bid #8,Bid #9,Bid #10,Reserve,Best Bid,Winning Bidder
0.0,254957.43228465042,139093.07414598475,326516.9203496843,,112710.05091584985,22123.341713450554,31910.19631165835,58485.36001271234,8995.738140802538,26141.32449266222,57463.72887165069,165341.49226868176,28658.706304260966,41603.148985976695,0.031,,0.089,0.453,0.314,0.171,1.112,0.383,0.17500000000000002,0.061,0.34900000000000003,0.241,0.083,0.082,investor 8
1.0,254353.8498988915,138489.49176022582,325567.46249622956,,112836.75633398778,22155.07012718649,31922.531260866745,58514.53248514837,8994.265134755744,26154.490380364598,57505.74389246322,165317.26529393104,28653.20088754117,41620.26415191997,0.031,,0.089,0.452,0.314,0.171,1.112,0.383,0.17400000000000002,0.061,0.35000000000000003,0.241,0.083,0.082,investor 8
361.0,251297.0678256668,135432.70968700113,26302.240380132156,,156538.67100012154,32669.905387973216,37253.85810529016,67969.68140667467,8393.410674363768,31306.85028061255,72486.76753931429,154626.38881350716,26626.226498367378,47248.562642152094,2100.0,,12800.0,2600.0,3000.0,5500.0,600.0,2500.0,5900.0,0.061,2100.0,3800.0,12600.0,12700.0,investor 1
362.0,251416.90156513097,135552.5434264653,26317.69762539588,,156658.9368222982,32705.59567230304,37269.181710191595,67997.37994845843,8391.716129768645,31320.409661056477,72524.21224564766,154592.60559523045,26619.066840303836,47263.574581928166,2100.0,,12800.0,2600.0,3000.0,5500.0,600.0,2500.0,5900.0,0.061,2100.0,3800.0,12600.0,12700.0,investor 1
